[
    {
       "model":"auth.user",
       "pk":1,
       "fields":{     
          "password":"pbkdf2_sha256$260000$2P0b0AFfSXLWQQA2166Q84$XzaPTVUalUjI01h12fUiP4wtVgC22H9UOLwVRQRzoyo=",
          "last_login":"2022-05-26T12:29:56.929Z",
          "is_superuser":true,
          "username":"tom",
          "first_name":"Tom",
          "last_name":"Naylor",
          "email":"tom.naylor@hotmail.com",
          "is_staff":true,
          "is_active":true,
          "date_joined":"2022-04-13T16:09:56Z",
          "groups":[
             
          ],
          "user_permissions":[
             
          ]
       }
    },
    {
       "model":"auth.user",
       "pk":2,
       "fields":{
          "password":"pbkdf2_sha256$260000$U0U9nNgzGhesQgturNM18s$Xrz7FHR220vAovO1iO/lg+2EYC4GYjxqQRYC83SqTRc=",
          "last_login":null,
          "is_superuser":false,
          "username":"tomtom",
          "first_name":"",
          "last_name":"",
          "email":"tom.naylor@wmc.org.uk",
          "is_staff":false,
          "is_active":true,
          "date_joined":"2022-04-17T21:22:40.090Z",
          "groups":[
             
          ],
          "user_permissions":[
             
          ]
       }
    },
    {
       "model":"auth.user",
       "pk":3,
       "fields":{
          "password":"pbkdf2_sha256$260000$IcrXNJV9jOYfp6bI7MSFzl$nf2o9QuE2hkJr2Csz832GllTsO35j6ksXCczjfbY6ic=",
          "last_login":"2022-04-17T21:33:03.664Z",
          "is_superuser":true,
          "username":"tomgmail",
          "first_name":"",
          "last_name":"",
          "email":"tomnaylor@gmail.com",
          "is_staff":true,
          "is_active":true,
          "date_joined":"2022-04-17T21:28:19.885Z",
          "groups":[
             
          ],
          "user_permissions":[
             
          ]
       }
    },
    {
       "model":"auth.user",
       "pk":13,
       "fields":{
          "password":"pbkdf2_sha256$260000$ICkd6rriDO7qvKUaDKqeo4$tm13X/aMIFyy0+RdHaQTJEyAACU6Eq8cQUWc8VLTMeU=",
          "last_login":null,
          "is_superuser":false,
          "username":"tom2",
          "first_name":"",
          "last_name":"",
          "email":"helegog249@dufeed.com",
          "is_staff":false,
          "is_active":true,
          "date_joined":"2022-05-23T15:31:57.972Z",
          "groups":[
             
          ],
          "user_permissions":[
             
          ]
       }
    },
    {
       "model":"sessions.session",
       "pk":"139dxtmlz3ki0vdo7bmuqx3cv2lzm3wx",
       "fields":{
          "session_data":".eJxVjEEOgjAQRe_StWkYKIVh6d4zNNNOK1XTEgqJxnh3IWGh2__ef29haF1GsxY_m8hiECBOv5sld_dpB3yjdM3S5bTM0cpdkQct8pLZP86H-xcYqYzbG4ODFjuqa7bAvbbceEBNACH0VqnWdbzVKocOdUPYhEDAtVIag1LB7tHiS4k5Gf-c4vwSQ_X5ArAKP9c:1nqhNn:_6Dh0pZG4w2qadhFA33LeF7Sw9pro4kwGECeN-GcoEI",
          "expire_date":"2022-05-30T20:31:59.241Z"
       }
    },
    {
       "model":"sessions.session",
       "pk":"3gw7i68ff1zd5be86ypsbkmnlig6wcyi",
       "fields":{
          "session_data":".eJxVjEEOgjAQRe_StWkYKIVh6d4zNNNOK1XTEgqJxnh3IWGh2__ef29haF1GsxY_m8hiECBOv5sld_dpB3yjdM3S5bTM0cpdkQct8pLZP86H-xcYqYzbG4ODFjuqa7bAvbbceEBNACH0VqnWdbzVKocOdUPYhEDAtVIag1LB7tHiS4k5Gf-c4vwSQ_X5ArAKP9c:1nekEz:8r5clT7b_tcu_2NeD_r4tsLHu279lbo-sjNqOLR6E6I",
          "expire_date":"2022-04-27T21:09:29.257Z"
       }
    },
    {
       "model":"sessions.session",
       "pk":"4jink8mz465e1kyr8jh9n54wjggryb7c",
       "fields":{
          "session_data":".eJxVjEEOgjAQRe_StWkYKIVh6d4zNNNOK1XTEgqJxnh3IWGh2__ef29haF1GsxY_m8hiECBOv5sld_dpB3yjdM3S5bTM0cpdkQct8pLZP86H-xcYqYzbG4ODFjuqa7bAvbbceEBNACH0VqnWdbzVKocOdUPYhEDAtVIag1LB7tHiS4k5Gf-c4vwSQ_X5ArAKP9c:1ngQrZ:WCOwvcm1Hj8WG2e_MuTbeqRqfBoxfxRL7GbzPKADEM4",
          "expire_date":"2022-05-02T12:52:17.563Z"
       }
    },
    {
       "model":"sessions.session",
       "pk":"5lt7icmlac1p5o495spa5wd4ckdj47hz",
       "fields":{
          "session_data":".eJxVjEEOgjAQRe_StWkYKIVh6d4zNNNOK1XTEgqJxnh3IWGh2__ef29haF1GsxY_m8hiECBOv5sld_dpB3yjdM3S5bTM0cpdkQct8pLZP86H-xcYqYzbG4ODFjuqa7bAvbbceEBNACH0VqnWdbzVKocOdUPYhEDAtVIag1LB7tHiS4k5Gf-c4vwSQ_X5ArAKP9c:1nteBN:1Cil5yaWaJf6Gw7TowwrNDu9cl9_vgRw-OsDj4Wy7l4",
          "expire_date":"2022-06-07T23:43:21.781Z"
       }
    },
    {
       "model":"sessions.session",
       "pk":"5vqtr9o1q29qbd7by06a5npekyze9wj1",
       "fields":{
          "session_data":".eJxVjEEOgjAQRe_StWkYKIVh6d4zNNNOK1XTEgqJxnh3IWGh2__ef29haF1GsxY_m8hiECBOv5sld_dpB3yjdM3S5bTM0cpdkQct8pLZP86H-xcYqYzbG4ODFjuqa7bAvbbceEBNACH0VqnWdbzVKocOdUPYhEDAtVIag1LB7tHiS4k5Gf-c4vwSQ_X5ArAKP9c:1ntxDQ:9wLJqzbhBBNOs3I7KnkrXSFTHuJ6x74EHjJciI_eLvg",
          "expire_date":"2022-06-08T20:02:44.499Z"
       }
    },
    {
       "model":"sessions.session",
       "pk":"5xrb4yb173199rqfjgwzwit5rwfdytob",
       "fields":{
          "session_data":"e30:1ngC09:5MQCrqXnYMHyfpYVfS6Kfz15uBnCbBQZPpGHoA6IQ5o",
          "expire_date":"2022-05-01T21:00:09.843Z"
       }
    },
    {
       "model":"sessions.session",
       "pk":"6ifyk9gscynsyur12m0ktquo1m6qqyhy",
       "fields":{
          "session_data":".eJxVjEEOgjAQRe_StWkYKIVh6d4zNNNOK1XTEgqJxnh3IWGh2__ef29haF1GsxY_m8hiECBOv5sld_dpB3yjdM3S5bTM0cpdkQct8pLZP86H-xcYqYzbG4ODFjuqa7bAvbbceEBNACH0VqnWdbzVKocOdUPYhEDAtVIag1LB7tHiS4k5Gf-c4vwSQ_X5ArAKP9c:1ntcP7:WUZjns66_hLY5cWtneKlADvIib5X5jYbnYNWNa9N5-Y",
          "expire_date":"2022-06-07T21:49:25.536Z"
       }
    },
    {
       "model":"sessions.session",
       "pk":"7nl6dgls6ucrvre2dbkpwgy5soz13zrw",
       "fields":{
          "session_data":".eJxVjDkOwjAUBe_iGlm245WSnjNYf7FxAMVSlgpxd4iUAto3M-8lMmxry9tS5jyyOAstTr8bAj3KtAO-w3Trkvq0ziPKXZEHXeS1c3leDvfvoMHSvnUAruwJLZMbUnKMEcHE6r1XmlEpqlW7lDCUMoCPNhito6XIJmENJN4fByQ4dQ:1nefZo:soDGmPDPyS-4Di1Kz9CnRWAd3ggG5Ck1kol0CtzYvnU",
          "expire_date":"2022-04-27T16:10:40.217Z"
       }
    },
    {
       "model":"sessions.session",
       "pk":"8583ptunlvp90bnx5xq2mhmwg3ndvny4",
       "fields":{
          "session_data":"e30:1ngBqv:xzQoQXA44PH_hMkGMofi1MfgXhLRRLRavmxEBPvdKfQ",
          "expire_date":"2022-05-01T20:50:37.404Z"
       }
    },
    {
       "model":"sessions.session",
       "pk":"acsaet9bwiwevvw6c88nb250xkz6h6xr",
       "fields":{
          "session_data":".eJxVjEEOgjAQRe_StWkYKIVh6d4zNNNOK1XTEgqJxnh3IWGh2__ef29haF1GsxY_m8hiECBOv5sld_dpB3yjdM3S5bTM0cpdkQct8pLZP86H-xcYqYzbG4ODFjuqa7bAvbbceEBNACH0VqnWdbzVKocOdUPYhEDAtVIag1LB7tHiS4k5Gf-c4vwSQ_X5ArAKP9c:1nqaAz:tN_Q3nmuDT3yghf9pWpN-58mo7lLBUo5o4Upb_ZACjE",
          "expire_date":"2022-05-30T12:50:17.210Z"
       }
    },
    {
       "model":"sessions.session",
       "pk":"bivl0sifq1i88o7g9r763dbcoirpfz7q",
       "fields":{
          "session_data":".eJxVjEEOgjAQRe_StWkYKIVh6d4zNNNOK1XTEgqJxnh3IWGh2__ef29haF1GsxY_m8hiECBOv5sld_dpB3yjdM3S5bTM0cpdkQct8pLZP86H-xcYqYzbG4ODFjuqa7bAvbbceEBNACH0VqnWdbzVKocOdUPYhEDAtVIag1LB7tHiS4k5Gf-c4vwSQ_X5ArAKP9c:1nrDeX:NyGML8dh4dxk7qz6d0hXFdn4xSUEnYPfgM_fEfxlcWk",
          "expire_date":"2022-06-01T06:59:25.578Z"
       }
    },
    {
       "model":"sessions.session",
       "pk":"bnklpobejr24h9t66e98vvms12nue5am",
       "fields":{
          "session_data":".eJxVjEEOgjAQRe_StWkYKIVh6d4zNNNOK1XTEgqJxnh3IWGh2__ef29haF1GsxY_m8hiECBOv5sld_dpB3yjdM3S5bTM0cpdkQct8pLZP86H-xcYqYzbG4ODFjuqa7bAvbbceEBNACH0VqnWdbzVKocOdUPYhEDAtVIag1LB7tHiS4k5Gf-c4vwSQ_X5ArAKP9c:1nrRVq:yQ1F_XMQuMZodF__yTxsigtr2pHQ9JpaOHXzWzmjjG4",
          "expire_date":"2022-06-01T21:47:22.192Z"
       }
    },
    {
       "model":"sessions.session",
       "pk":"c4idmbt3w1hl3zilvdob4icfolagq17f",
       "fields":{
          "session_data":"e30:1ngC4x:OITu02gsg1XgDO51U5mz2KCuIYjg4mXYEV82kTQnRBA",
          "expire_date":"2022-05-01T21:05:07.776Z"
       }
    },
    {
       "model":"sessions.session",
       "pk":"cv1b619tjlbgge05efhnus1xr6ds1dr8",
       "fields":{
          "session_data":".eJxVjEEOgjAQRe_SNSEUSrEs3XuGZtqZkappTQtGY7y7kLDQ7X_vv7ewsMyTXQplG1CMQorqd3PgrxQ3gBeI51T7FOccXL0p9U5LfUpIt-Pu_gUmKNP6NuxlbwZoW3QSD9phR9JokJL54JTq_YBrrfHGG92B6ZhBYquUNqwUuy1aqJSQoqXnPeSXGJtKFHiQDZGTGOe80OcLH-1F-w:1ntdjy:wxwYc-I9XPWU93GIa-rHOiqVv5uFxk0HhzcK8mq1fIg",
          "expire_date":"2022-06-07T23:15:02.570Z"
       }
    },
    {
       "model":"sessions.session",
       "pk":"d80yq9z3dndiywdkgctz43847l4i5qng",
       "fields":{
          "session_data":".eJxVjEEOwiAQRe_C2hBgSmlduvcMZBimFjVgSptojHfXmi50-9_77yk8LvPol8qTT1HshRa73y0gXTivIJ4xn4qkkucpBbkqcqNVHkvk62Fz_wIj1vHztq4n1XTEAEM0wSnQHcbgwLpBWUdDG3oKMSrLWhljm8AGCVSLCAD6G61cayrZ8_2WpofYq9cbicQ_IQ:1ngCkD:TSctgXfGVGIr1zVVFmYm78BXCIFuYr7B2R04Qy5wr9w",
          "expire_date":"2022-05-01T21:47:45.657Z"
       }
    },
    {
       "model":"sessions.session",
       "pk":"e6pmqip943d0gdmbynj8v9t0phmct4qd",
       "fields":{
          "session_data":"e30:1nrOQ4:n9aEVTL5tDaF36UFyIAb_MVW6cVKMNmJrgsw8wigPH4",
          "expire_date":"2022-06-01T18:29:12.231Z"
       }
    },
    {
       "model":"sessions.session",
       "pk":"ebz4reosy42rdf4hzplkdmbzwasg934c",
       "fields":{
          "session_data":".eJxVjEEOgjAQRe_StWkcKIVh6d4zNNNOR1DTJi24Md5dSFjo9r_331s5WpfJrTUWN7MaFajT7-YpPGLaAd8p3bIOOS1l9npX9EGrvmaOz8vh_gUmqtP2RgnQYU9Nwx54sJ7bCGgJQGTwxnSh5612DhjQtoStCAE3xlgUY8Rv0Uqv6OYkWY1LWePnC-5zPr4:1ntcjx:I_HXF_vmeK1oqGneJh6X5kNArJtlY2HzsxaT9vzywqw",
          "expire_date":"2022-06-07T22:10:57.222Z"
       }
    },
    {
       "model":"sessions.session",
       "pk":"f2u7fc72glmzm1nffisgs1aj943o4i3z",
       "fields":{
          "session_data":".eJxVjEEOgjAQRe_StWkYKIVh6d4zNNNOK1XTEgqJxnh3IWGh2__ef29haF1GsxY_m8hiECBOv5sld_dpB3yjdM3S5bTM0cpdkQct8pLZP86H-xcYqYzbG4ODFjuqa7bAvbbceEBNACH0VqnWdbzVKocOdUPYhEDAtVIag1LB7tHiS4k5Gf-c4vwSQ_X5ArAKP9c:1ntQPN:F7HBuQ5WZCoHEy2Gkd8RsLTx2sZvk_TtUQXuSbjoIDk",
          "expire_date":"2022-06-07T09:00:53.054Z"
       }
    },
    {
       "model":"sessions.session",
       "pk":"fh01nxtvalmgrc7fl53rqr8zpid0uyie",
       "fields":{
          "session_data":".eJxVjEEOgjAQRe_StWkYKIVh6d4zNNNOK1XTEgqJxnh3IWGh2__ef29haF1GsxY_m8hiECBOv5sld_dpB3yjdM3S5bTM0cpdkQct8pLZP86H-xcYqYzbG4ODFjuqa7bAvbbceEBNACH0VqnWdbzVKocOdUPYhEDAtVIag1LB7tHiS4k5Gf-c4vwSQ_X5ArAKP9c:1nuCcn:OLwukbvYaKnAH4BHiGyMQkrBizt2RoheZ8KuhhEXsXQ",
          "expire_date":"2022-06-09T12:29:57.013Z"
       }
    },
    {
       "model":"sessions.session",
       "pk":"fk230sf111zklbo2j27plvnxfzt0mqc5",
       "fields":{
          "session_data":".eJxVjEEOgjAQRe_StWkYKIVh6d4zNNNOK1XTEgqJxnh3IWGh2__ef29haF1GsxY_m8hiECBOv5sld_dpB3yjdM3S5bTM0cpdkQct8pLZP86H-xcYqYzbG4ODFjuqa7bAvbbceEBNACH0VqnWdbzVKocOdUPYhEDAtVIag1LB7tHiS4k5Gf-c4vwSQ_X5ArAKP9c:1nqMP4:YzfQO_Yaynt52ftbBncQq5TtGXNsXanJVAgKfdeLBlA",
          "expire_date":"2022-05-29T22:07:54.582Z"
       }
    },
    {
       "model":"sessions.session",
       "pk":"ggioobdo1skjqxcixcbw462eo6yb9tiz",
       "fields":{
          "session_data":"e30:1ngC0Y:uZ8a5GJrfZJENdZJ3GAbJazoQjLzOyMzzYWwJ-8eIys",
          "expire_date":"2022-05-01T21:00:34.664Z"
       }
    },
    {
       "model":"sessions.session",
       "pk":"hjay3avzakldrngb5m5s8pusqaqwaom9",
       "fields":{
          "session_data":".eJxVjEEOgjAQRe_StWkYKIVh6d4zNNNOK1XTEgqJxnh3IWGh2__ef29haF1GsxY_m8hiECBOv5sld_dpB3yjdM3S5bTM0cpdkQct8pLZP86H-xcYqYzbG4ODFjuqa7bAvbbceEBNACH0VqnWdbzVKocOdUPYhEDAtVIag1LB7tHiS4k5Gf-c4vwSQ_X5ArAKP9c:1nekmm:oj9XPUdrPqD2YCeSNyuk96M7odpn8h2yMi4oP_Fl2aA",
          "expire_date":"2022-04-27T21:44:24.133Z"
       }
    },
    {
       "model":"sessions.session",
       "pk":"ig99l449t7ft0d85cmpz2x1ou913jq89",
       "fields":{
          "session_data":".eJxVjEEOwiAQRe_C2pBpmQLt0r1nIEMZLGrAlDbRGO-uTbrQ7X_vv5dwtC6TWyvPLgUxiEYcfjdP45XzBsKF8rnIseRlTl5uitxplacS-Hbc3b_ARHX6vnu0Fg2Q6QE1dKBUO-qARkffNRpRM6jIbHumaMiwbaGLMYJVrMi3uEUr15pKdvy4p_kpBnh_AER8PmA:1ntA05:EJR6VukiiZmEEEu7F0qkh94IdVjbkR5_NyVArIPPCeU",
          "expire_date":"2022-06-06T15:29:41.603Z"
       }
    },
    {
       "model":"sessions.session",
       "pk":"t97j90pbist5r1rvlhjm0iey015qq8so",
       "fields":{
          "session_data":".eJxVjEEOwiAQRe_C2hBgSmlduvcMZBimFjVgSptojHfXmi50-9_77yk8LvPol8qTT1HshRa73y0gXTivIJ4xn4qkkucpBbkqcqNVHkvk62Fz_wIj1vHztq4n1XTEAEM0wSnQHcbgwLpBWUdDG3oKMSrLWhljm8AGCVSLCAD6G61cayrZ8_2WpofYq9cbicQ_IQ:1ngAQZ:81GJ_eWQXHA9bLB-e68fHw4ONpWq3BYREf4cGGzaaGs",
          "expire_date":"2022-05-01T19:19:19.864Z"
       }
    },
    {
       "model":"sessions.session",
       "pk":"wse76lv9oebjtxvouoko4nc6j8a4r95i",
       "fields":{
          "session_data":".eJxVjEEOgjAQRe_StWkYKIVh6d4zNNNOK1XTEgqJxnh3IWGh2__ef29haF1GsxY_m8hiECBOv5sld_dpB3yjdM3S5bTM0cpdkQct8pLZP86H-xcYqYzbG4ODFjuqa7bAvbbceEBNACH0VqnWdbzVKocOdUPYhEDAtVIag1LB7tHiS4k5Gf-c4vwSQ_X5ArAKP9c:1ntWmt:CcINRm1YvULbq1cUWYp1fmhIZGaH6-c3Xb4jNaVxZmA",
          "expire_date":"2022-06-07T15:49:35.292Z"
       }
    },
    {
       "model":"sessions.session",
       "pk":"xnqzmuekz1vnzzqr3aojcrgauydrvnhk",
       "fields":{
          "session_data":".eJxVjEEOgjAQRe_StWkYKIVh6d4zNNNOK1XTEgqJxnh3IWGh2__ef29haF1GsxY_m8hiECBOv5sld_dpB3yjdM3S5bTM0cpdkQct8pLZP86H-xcYqYzbG4ODFjuqa7bAvbbceEBNACH0VqnWdbzVKocOdUPYhEDAtVIag1LB7tHiS4k5Gf-c4vwSQ_X5ArAKP9c:1npEwe:MVUh6fcyIp4JIAyr8kEhuOh9uJGxT-QC31Swr660dfc",
          "expire_date":"2022-05-26T19:57:56.926Z"
       }
    },
    {
       "model":"sessions.session",
       "pk":"zc5z1xo6bb46s88u8wld3b91ib9lry2l",
       "fields":{
          "session_data":".eJxVjEEOgjAQRe_StWkYKIVh6d4zNNNOK1XTEgqJxnh3IWGh2__ef29haF1GsxY_m8hiECBOv5sld_dpB3yjdM3S5bTM0cpdkQct8pLZP86H-xcYqYzbG4ODFjuqa7bAvbbceEBNACH0VqnWdbzVKocOdUPYhEDAtVIag1LB7tHiS4k5Gf-c4vwSQ_X5ArAKP9c:1ntuh6:zuo3te2C-p5DY0REzN7xZMycxd4qLLOis-CLhZtrx9s",
          "expire_date":"2022-06-08T17:21:12.591Z"
       }
    },
    {
       "model":"sites.site",
       "pk":1,
       "fields":{
          "domain":"example.com",
          "name":"example.com"
       }
    },
    {
       "model":"account.emailaddress",
       "pk":1,
       "fields":{
          "user":1,
          "email":"tom.naylor@hotmail.com",
          "verified":true,
          "primary":true
       }
    },
    {
       "model":"account.emailaddress",
       "pk":2,
       "fields":{
          "user":2,
          "email":"tom.naylor@wmc.org.uk",
          "verified":false,
          "primary":true
       }
    },
    {
       "model":"account.emailaddress",
       "pk":3,
       "fields":{
          "user":3,
          "email":"tomnaylor@gmail.com",
          "verified":true,
          "primary":true
       }
    },
    {
       "model":"account.emailaddress",
       "pk":13,
       "fields":{
          "user":13,
          "email":"helegog249@dufeed.com",
          "verified":true,
          "primary":true
       }
    },
    {
       "model":"works.people",
       "pk":1,
       "fields":{
          "name":"Giuseppe Verdi",
          "url":"giuseppe-verdi",
          "thumb_image":"people/giuseppe-verdi/thumbs/Giuseppe-Verdi-expires-31-10-2022.jpg",
          "synopsis":"Giuseppe Fortunino Francesco Verdi (Italian: [dʒuˈzɛppe ˈverdi]; 9 or 10 October 1813 – 27 January 1901) was an Italian composer best known for his operas. He was born near Busseto to a provincial family of moderate means, receiving a musical education with the help of a local patron. Verdi came to dominate the Italian opera scene after the era of Gioachino Rossini, Gaetano Donizetti, and Vincenzo Bellini, whose works significantly influenced him.\r\n\r\nIn his early operas, Verdi demonstrated a sympathy with the Risorgimento movement which sought the unification of Italy. He also participated briefly as an elected politician. The chorus \"Va, pensiero\" from his early opera Nabucco (1842), and similar choruses in later operas, were much in the spirit of the unification movement, and the composer himself became esteemed as a representative of these ideals. An intensely private person, Verdi did not seek to ingratiate himself with popular movements. As he became professionally successful he was able to reduce his operatic workload and sought to establish himself as a landowner in his native region. He surprised the musical world by returning, after his success with the opera Aida (1871), with three late masterpieces: his Requiem (1874), and the operas Otello (1887) and Falstaff (1893).\r\n\r\nHis operas remain extremely popular, especially the three peaks of his 'middle period': Rigoletto, Il trovatore and La traviata. The bicentenary of his birth in 2013 was widely celebrated in broadcasts and performances.",
          "facebook":null,
          "twitter":null,
          "record_added":"2022-05-18T13:32:03.852Z",
          "record_edited":"2022-05-18T13:32:03.852Z"
       }
    },
    {
       "model":"works.people",
       "pk":2,
       "fields":{
          "name":"Will Todd",
          "url":"will-todd",
          "thumb_image":"people/will-todd/thumbs/Snap_Todd_x2.jpg",
          "synopsis":"Todd was born in County Durham, attended Durham School and joined the choir of St Oswald's Church, Durham under its choirmaster David Higgins. He went on to study music at the University of Bristol. He is a pianist and regularly performs with his trio, and this played a large role in one of his best-known works, his Mass in Blue.\r\n\r\nMass in Blue (originally entitled Jazz Mass) was commissioned by Hertfordshire Chorus and first performed at the Cambridge Corn Exchange in July 2003 with Will Todd at the piano. Todd's wife, Bethany Halliday, performed the soprano solo alongside the Blue Planet Orchestra and Hertfordshire Chorus, conducted by David Temple.\r\n\r\nHis work The Blackened Man won second prize in the International Verdi Opera Competition in 2002 and was later staged at the 2004 Buxton Festival. The Screams of Kitty Genovese, a piece of music theatre, has been produced at the Boston Conservatory and New York Musical Theatre Festival. His oratorio Saint Cuthbert, with a libretto by Ben Dunwell based on the life of the saint, has been performed and recorded by the Hallé Orchestra and Choir under Christopher Austin.\r\n\r\nAmong Angels was commissioned by the Genesis Foundation and was first performed by The Sixteen in Salzburg. Written for WNO Max, Sweetness and Badness was performed on a tour during autumn 2006. Whirlwind, commissioned by Streetwise Opera, was first performed at The Sage Gateshead.\r\n\r\nTodd also went to the United States twice to work with high school students and put on a performance which he conducted. Most recently,[when?] he visited with students from the band and orchestra at Oyster River High School in Durham, New Hampshire.",
          "facebook":"TyalgumPress",
          "twitter":"will_todd_music",
          "record_added":"2022-05-18T13:57:23.547Z",
          "record_edited":"2022-05-18T13:57:23.547Z"
       }
    },
    {
       "model":"works.people",
       "pk":3,
       "fields":{
          "name":"Peter Brathwaite",
          "url":"peter-brathwaite",
          "thumb_image":"people/peter-brathwaite/thumbs/Peter-Brathwaite_c538d030a3eae7ca1d44823af20469ae.jpg",
          "synopsis":"Manchester born baritone Peter Brathwaite trained at Newcastle University, the Royal College of Music and the Flanders Opera Studio. As well as performing internationally, Peter is the creator of the multimedia recital Degenerate Music: Music Banned by the Nazis, he writes and presents for BBC Radio 3 and is working with Getty Publications on his first book.\r\n\r\nRecent engagements: Joey in the world premiere of Kris Defoort’s The Time of Our Singing (La Monnaie, Brussels); world premiere of The Lost Thing, Martin Carter in Hannah Kendall’s The Knife of Dawn (Royal Opera House); Schubert’s Winterreise (London’s St John’s Smith Square); Britten’s TheFive Canticles (Leeds Lieder)",
          "facebook":null,
          "twitter":null,
          "record_added":"2022-05-18T15:32:22.461Z",
          "record_edited":"2022-05-18T15:32:22.461Z"
       }
    },
    {
       "model":"works.people",
       "pk":4,
       "fields":{
          "name":"David Shipley",
          "url":"david-shipley",
          "thumb_image":"people/david-shipley/thumbs/David-Shipley_d6964b0876600d15108e22aa4f5cce02.jpg",
          "synopsis":"British bass David Shipley is a graduate of the Jette Parker Young Artists Programme at the Royal Opera House, the Guildhall School of Music & Drama and the Royal Academy of Music. In 2022 he will perform with companies including the Royal Opera House, Scottish Opera, and the BBC National Orchestra of Wales.\r\n\r\nRecent engagements: Prince Tokmakov Ivan the Terrible (Grange Park Opera); Sarastro Die Zauberflöte (Glyndebourne); Sparafucile Rigoletto (Houston Grand Opera)",
          "facebook":null,
          "twitter":null,
          "record_added":"2022-05-18T15:32:57.731Z",
          "record_edited":"2022-05-18T15:32:57.731Z"
       }
    },
    {
       "model":"works.people",
       "pk":5,
       "fields":{
          "name":"Njabulo Madlala",
          "url":"njabulo-madlala",
          "thumb_image":"people/njabulo-madlala/thumbs/Njabo-Madlala_ce6fe506709b200441e7e0176a97f2ec.jpeg",
          "synopsis":"Njabulo Madlala studied at the Guildhall School of Music & Drama and at the Cardiff International Academy of Voice. In 2010 he won the Kathleen Ferrier Award. He has performed with companies including The Royal Opera, Bergen National Opera, English National Opera, English Touring Opera, Scottish Opera, Grange Park Opera and Opera Holland Park. Concert highlights include Beethoven’s Symphony No 9 with the Minnesota Orchestra and Mendelssohn’s Elijah with the Royal Philharmonic Orchestra.\r\n\r\nRecent engagements: Prince Yamadori Madam Butterfly (English National Opera); Jim Porgy and Bess (ENO, Dutch National Opera, Theater an der Wien); Aswini Twin in Ravi Shankar’s Sukanya (ROH/LPO)",
          "facebook":null,
          "twitter":null,
          "record_added":"2022-05-18T15:33:26.453Z",
          "record_edited":"2022-05-18T15:33:26.453Z"
       }
    },
    {
       "model":"works.people",
       "pk":6,
       "fields":{
          "name":"Nadine Benjamin",
          "url":"nadine-benjamin",
          "thumb_image":"people/nadine-benjamin/thumbs/Nadine-Benjamin-2--Devon-Cass_a9b45cf07d56a908df051ba8d0ec9627.jpg",
          "synopsis":"British soprano Nadine Benjamin is a charismatic and versatile artist who is equally at home on both the operatic stage and the concert platform. She was an ENO Harewood Artist and has performed with Scottish Opera, Birmingham Opera Company, Opera Holland Park, English Touring Opera and The Royal Opera. Nadine is a mentor, certified High Performance Coach and Mind Coach, and in 2015 founded her opera and mentorship programme ‘Everybody Can!’. She is an Ambassador for London Music Masters.\r\n\r\nRecent engagements: Soprano solo New Dark Age (ROH); Laura (and cover Luisa) Luisa Miller (ENO); Amelia Un ballo in maschera (OHP)",
          "facebook":null,
          "twitter":null,
          "record_added":"2022-05-18T15:33:54.668Z",
          "record_edited":"2022-05-18T15:33:54.668Z"
       }
    },
    {
       "model":"works.people",
       "pk":7,
       "fields":{
          "name":"Marion Newman",
          "url":"marion-newman",
          "thumb_image":"people/marion-newman/thumbs/Marion-Newman-2_bccc22e1506ef7ae19de0d561878593b.jpg",
          "synopsis":"English, Irish, Scottish mezzo Marion Newman’s voice has been likened to ‘rich… like fine coffee sweetened with honey liqueur.’ (Mooney on Theatre). Marion has starred as Rosina and Carmen and has had leading roles in Canada’s most compelling new operas.\r\n\r\nRecent engagements: Dr Wilson Missing (Pacific Opera Victoria); Mother Hansel and Gretel (Edmonton Opera); Messiah (Rhode Island Philharmonic Orchestra)",
          "facebook":null,
          "twitter":null,
          "record_added":"2022-05-18T15:34:22.774Z",
          "record_edited":"2022-05-18T15:34:22.774Z"
       }
    },
    {
       "model":"works.people",
       "pk":8,
       "fields":{
          "name":"Tom Randle",
          "url":"tom-randle",
          "thumb_image":"people/tom-randle/thumbs/Tom-Randle_a9b45cf07d56a908df051ba8d0ec9627.jpg",
          "synopsis":"Tom Randle began early studies in conducting and composition, but a scholarship to study voice soon meant a change in career direction and made his debut with English National Opera as Tamino in The Magic Flute. As a composer, his new opera Love me to Death was premiered as the final event at the 2018 Tête à Tête Opera Festival. This season, Tom Randle will sing the title-role in Il ritorno di Ulisse at the Longborough Festival Opera.\r\n\r\nRecent engagements: Loki The Monstrous Child (Royal Opera House); Beethoven’s 9th Symphony (Yomiuri Nippon Symphony Orchestra); Mozart’s Requiem (Handel and Haydn Society)",
          "facebook":null,
          "twitter":null,
          "record_added":"2022-05-18T15:34:53.877Z",
          "record_edited":"2022-05-18T15:34:53.877Z"
       }
    },
    {
       "model":"works.people",
       "pk":9,
       "fields":{
          "name":"Meeta Raval",
          "url":"meeta-raval",
          "thumb_image":"people/meeta-raval/thumbs/Meeta-Raval_a9b45cf07d56a908df051ba8d0ec9627.jpg",
          "synopsis":"Meeta Raval rose to prominence as a finalist in the 2011 BBC Cardiff Singer of the World. She is renowned for her romantic heroines, and has performed roles such as Leonora, Nedda, Cio-Cio-San, Liu and Donna Anna for companies including the Royal Opera, English National Opera, Glyndebourne, Opera North and Kazan Opera.\r\n\r\nRecent engagements: Leonora Il trovatore (Zomeropera Alden Biese, Opera Oviedo); title role Gustav Holst's Savitri (Leeds Opera Festival); Liu Turandot (Dalhalla Festival Opera)",
          "facebook":null,
          "twitter":null,
          "record_added":"2022-05-18T15:35:19.142Z",
          "record_edited":"2022-05-18T15:35:19.142Z"
       }
    },
    {
       "model":"works.people",
       "pk":10,
       "fields":{
          "name":"Isabelle Peters",
          "url":"isabelle-peters",
          "thumb_image":"people/isabelle-peters/thumbs/Isabelle-Peters_a5aabe6951fb6915ac2b59fbbf37bd19.jpg",
          "synopsis":"British Soprano, Isabelle Peters, is an alumna of the Guildhall School of Music & Drama and Royal Northern College of Music. Isabelle was a Fellow at English National Opera for their 2019/2020 season and regularly collaborates with pianists to perform Art Song repertoire and to take part in music competitions. She looks forward to appearing in the Veronica Dunne Singing Competition later this year. \r\n\r\nRecent engagements: Berta The Barber of Seville (WNO); Dido Dido’s Ghost (Barbican/Dunedin Consort, Barbican Hall); Barbarina Le nozze di Figaro (Opera Holland Park); First Bridesmaid The Marriage of Figaro (ENO); Fiordiligi Cosí fan tutte, Pamina Die Zauberflöte (Waterperry Opera Festival); First Lady Die Zauberflöte (Garsington)",
          "facebook":null,
          "twitter":null,
          "record_added":"2022-05-18T15:35:53.060Z",
          "record_edited":"2022-05-18T15:35:53.060Z"
       }
    },
    {
       "model":"works.people",
       "pk":11,
       "fields":{
          "name":"Simon Crosby Buttle",
          "url":"simon-crosby-buttle",
          "thumb_image":"people/simon-crosby-buttle/thumbs/WNO-Chorus-Simon-Crosby-Buttle_a21f706cc49c00158501e54c371a408.jpg",
          "synopsis":"Simon was born in West Yorkshire and studied at the Royal Northern College of Music with Jeffrey Lawton.  Whilst there he was a recipient of the Anne Ziegler Award and was funded by the Countess of Munster Musical Trust.\r\n\r\nPrior to joining WNO, Simon worked as a freelancer with Opera North and Scottish Opera working as a principal, cover and extra chorus in productions including Madama Butterfly, La Rondine, Eugene Onegin, Candide, Nabucco and Katya Kabanova.\r\n\r\nSimon’s personal highlight at WNO so far was performing in one of his favourite operas, Tristan und Isolde. Since joining WNO Chorus in 2009 he has also performed roles in The Magic Flute, La traviata, The Cunning Little Vixen, Lohengrin, Manon Lescaut, Peter Pan, i Puritani, In Parenthesis, Macbeth, Madam Butterfly, Der Rosenkavalier, Khovanshchina and From the House of the Dead.\r\n\r\nIn concert, Simon has performed with many choral societies, in works including Puccini’s Messa di Gloria, Rossini’s Petite Messe Solennelle, Bruckner’s Te Deum, Lloyd Webber’s Requiem, Haydn’s Creation, Coleridge-Taylor’s Hiawatha's Wedding Feast, Haydn’s Nelson Mass and Goodall’s Eternal Light.\r\n\r\nAway from WNO, Simon enjoys working with recording software, crafting and painting models, spending too many hours playing computer games and has a passion for anything Science Fiction or Fantasy.",
          "facebook":null,
          "twitter":"SCButtle",
          "record_added":"2022-05-18T15:36:37.730Z",
          "record_edited":"2022-05-18T15:36:37.730Z"
       }
    },
    {
       "model":"works.people",
       "pk":12,
       "fields":{
          "name":"Parvathi Subbiah",
          "url":"parvathi-subbiah",
          "thumb_image":"people/parvathi-subbiah/thumbs/Parvathi-Subbiah-1_a9b45cf07d56a908df051ba8d0ec9627.jpg",
          "synopsis":"Venezuelan/Indian soprano, Parvathi Subbiah, is a former student of Mirella Freni and studied at her Centro Universale del Bel Canto Academy in Italy.   Previously she had studied singing at Oberlin Conservatory and the University of South California.  A respected academic, she completed her Doctorate in Venezuelan politics at the University of Cambridge last year.\r\n\r\nRecent engagements: Violetta La traviata, Mimì La bohème (Aspen Music Festival); Sandrina La finta giardiniera, Mrs Coyle Owen Wingrave (University of Southern California); Geraldine in Barber’s A Hand of Bridge (Londrina Music Festival, Brazil); title role Suor Angelica (Emypyeran Ensemble in Cambridge); Violetta Act 3 La traviata (Figaro Opera Society in Venice)",
          "facebook":null,
          "twitter":null,
          "record_added":"2022-05-18T15:37:08.468Z",
          "record_edited":"2022-05-18T15:37:08.469Z"
       }
    },
    {
       "model":"works.people",
       "pk":13,
       "fields":{
          "name":"Zwakele Tshabalala",
          "url":"zwakele-tshabalala",
          "thumb_image":"people/zwakele-tshabalala/thumbs/Zwakele-Shabalala_ca8f6bbb1f36a6577b62d41d6af57fe7.jpg",
          "synopsis":"South African born tenor Zwakele Tshabalala completed his studies at The Royal College of Music on full scholarship and is poised to become an important artist of the next generation. His recent debuts have included Sportin’ Life in Porgy and Bess for Theater an der Wien and Hot Biscuit Slim in Paul Bunyan for English National Opera. \r\n\r\nRecent engagements: Title role in the world premiere of Neo Muyanga’s Anansi (Dutch National Opera); Beethoven’s Symphony No 9 (World Economic Forum, Switzerland under Marin Alsop); Dominique You in Amy Beach’s Cabildo (Wilton’s Music Hall, London)",
          "facebook":null,
          "twitter":null,
          "record_added":"2022-05-18T15:37:39.786Z",
          "record_edited":"2022-05-18T15:37:39.786Z"
       }
    },
    {
       "model":"works.people",
       "pk":14,
       "fields":{
          "name":"Sian Meinir",
          "url":"sian-meinir",
          "thumb_image":"people/sian-meinir/thumbs/WNO_Sian-Meinir_40_2db19a52c1a7ad97824dae7ba1896a77.jpg",
          "synopsis":"Sian Meinir was born in Cheshire then raised in Gwynedd. Sian is a graduate of Bangor University and the Royal Academy of Music with Kenneth Bowen.\r\n\r\nShe was a member of the Royal Opera House Chorus before joining the WNO Chorus in 2003. She was recipient of the 2007 Susan Chilcott Award. Her highlights at WNO include Margaret Wozzeck, Enrichetta I Puritani, Annina La traviata, Kate Pinkerton Madam Butterfly, Iseult of the White Hands Le Vin herbé.\r\n\r\nOutside of WNO Sian is an Eisteddfod Chair Poet; translates songs for the National Eisteddfod, and is a vocal tutor and a national Adjudicator.\r\n\r\nRecent engagements: Old Woman of Bala in the world premiere of Wythnos yng Nghymru Fydd (Opra Cymru); a national tour of her one-woman show, Dream of Gerontius at St Asaph Cathedral; Ffatri Llais/Voice Factory one-day workshops across Wales.",
          "facebook":null,
          "twitter":null,
          "record_added":"2022-05-18T15:38:13.557Z",
          "record_edited":"2022-05-18T15:38:13.557Z"
       }
    },
    {
       "model":"works.people",
       "pk":15,
       "fields":{
          "name":"Matthew Kofi Waldren",
          "url":"matthew-kofi",
          "thumb_image":"people/matthew-kofi/thumbs/Matthew-Kofi-Waldren_24e22eecfce967f356ef9afb618ab11d.jpg",
          "synopsis":"Matthew Kofi was born in Geneva‚ of Anglo-Ghanaian descent‚ and studied at the Royal College of Music‚ Guildhall School of Music & Drama‚ and read music at Fitzwilliam College‚ Cambridge. He was a ‘Newcomer’ nominee in the International Opera Awards 2017‚ and held the ENO Mackerras Fellowship 2016-18.\r\n\r\nRecent engagements: Conductor Alice’s Adventures in Wonderland, Un ballo in maschera‚ La traviata‚ La Rondine (Opera Holland Park); Don Giovanni, La bohème (Opera North); The Marriage of Figaro, Paul Bunyan (ENO)",
          "facebook":null,
          "twitter":null,
          "record_added":"2022-05-18T15:42:08.080Z",
          "record_edited":"2022-05-18T15:42:08.080Z"
       }
    },
    {
       "model":"works.people",
       "pk":16,
       "fields":{
          "name":"David Pountney",
          "url":"david-pountney",
          "thumb_image":"people/david-pountney/thumbs/David-Pountney-photo-1-by-Richard-Hubert-Smith_09af84f9b05924f33ca5.jpg",
          "synopsis":"Sir David Pountney was born in Oxford and studied at St John’s College, Cambridge. In a career spanning over 45 years he has been Director of Productions at Scottish Opera and English National Opera, Intendant of the Bregenzer Festspiele and Artistic Director of WNO from 2011-2019. David’s pioneering productions have won him Janáček and Martinů medals and Olivier Awards, while his original librettos have been set to music by Sir Peter Maxwell Davies and Elena Langer. He has also translated librettos into English from Russian, Czech, German and Italian. Previously made a CBE, David Pountney was knighted for services to opera in 2019. He has also been decorated with civilian honours by Austria, Poland and France.\r\n\r\nRecent engagements: Librettist A Feast in the Time of Plague (Grange Park Opera); Director Les vêpres siciliennes, The Cunning Little Vixen, War and Peace (WNO); and his new production of The Ring (Lyric Opera of Chicago), sadly abandoned due to Covid-19.",
          "facebook":null,
          "twitter":null,
          "record_added":"2022-05-18T15:42:52.273Z",
          "record_edited":"2022-05-18T15:42:52.273Z"
       }
    },
    {
       "model":"works.people",
       "pk":17,
       "fields":{
          "name":"Abdul Shayek",
          "url":"abdul-shayek",
          "thumb_image":"people/abdul-shayek/thumbs/Abdul-Shayek-1_868954ad53fa0a40d116c3edbac21077.jpg",
          "synopsis":"Abdul Shayek is Artistic Director of Tara Arts and the founding Artistic Director of Fio where he has directed Swarm, The Mountaintop and Death and the Maiden to critical acclaim. He is a former Creative Associate for National Theatre Wales and has freelanced with a range of organisations.\r\n\r\nRecent engagements: A Final Farewell Tara Arts, Welsh tour of Orchard of Lost Souls with Fio, ENO’s Orpheus in the Underworld and Athold Fugard’s UK tour of The Island.",
          "facebook":null,
          "twitter":null,
          "record_added":"2022-05-18T15:43:18.781Z",
          "record_edited":"2022-05-18T18:51:59.591Z"
       }
    },
    {
       "model":"works.people",
       "pk":18,
       "fields":{
          "name":"Madeleine Kludje",
          "url":"madeleine-kludje",
          "thumb_image":"people/madeleine-kludje/thumbs/kludge.jpg",
          "synopsis":"",
          "facebook":null,
          "twitter":null,
          "record_added":"2022-05-18T15:44:03.681Z",
          "record_edited":"2022-05-18T15:44:03.681Z"
       }
    },
    {
       "model":"works.people",
       "pk":19,
       "fields":{
          "name":"Sarah Crisp",
          "url":"sarah-crisp",
          "thumb_image":"people/sarah-crisp/thumbs/Crisp-Sarah_5a3723c19f25597fc4f64d42ac6042fa.jpg",
          "synopsis":"Sarah Crisp trained at LAMDA. After graduating and working with NoFit State Circus, she joined WNO’s stage management team, later becoming a Staff Director in 2005. She directed the revival of Cavalleria rusticana & Pagliacci as part of WNO’s 70th birthday celebrations. In 2020/2021, she devised and directed Covid-19 compliant productions for the RWCMD.\r\n\r\nRecent engagements: Staff Director The Barber of Seville, Alice’s Adventures in Wonderland, Dead Man Walking (WNO); Revival Director La traviata, Die Fledermaus, Madam Butterfly (WNO); Director Spring Operas 2021, The Telephone, The Medium (RWCMD)",
          "facebook":null,
          "twitter":null,
          "record_added":"2022-05-18T15:44:34.318Z",
          "record_edited":"2022-05-18T15:44:34.318Z"
       }
    },
    {
       "model":"works.people",
       "pk":20,
       "fields":{
          "name":"Loren Elstein",
          "url":"loren-elstein",
          "thumb_image":"people/loren-elstein/thumbs/LEheadshot2019_f9a3610879c19fb6b47862a0d0c5571f.jpg",
          "synopsis":"Loren Elstein trained at NIDA in Sydney, where her design for Loot secured her the Australian Production Design Guild Award for Best Design and the WFF Grant for Excellence in Design 2013. An international designer for theatre, opera and film, since returning to the UK she has designed for productions at The Old Vic, Apollo Theatre and English Touring Opera.\r\n\r\nRecent engagements: Designer Don Pasquale (WNO); Production Design La Traviata (Longborough Festival Opera); Unruhe (Theatre Trier, Germany)",
          "facebook":null,
          "twitter":null,
          "record_added":"2022-05-18T15:45:04.439Z",
          "record_edited":"2022-05-18T15:45:04.439Z"
       }
    },
    {
       "model":"works.people",
       "pk":21,
       "fields":{
          "name":"April Dalton",
          "url":"april-dalton",
          "thumb_image":"people/april-dalton/thumbs/April-Dalton_a9b45cf07d56a908df051ba8d0ec9627.jpg",
          "synopsis":"April Dalton was brought up in Wolverhampton and trained as an associate with Birmingham Royal ballet. She studied Theatre Design at the RWCMD, winning the Costume Design Award. After graduating her work was shortlisted for The Linbury Prize for Stage Design. Upcoming work includes designs for Birmingham Royal Ballet.\r\n\r\nRecent engagements: Costume Designer Dead Man Walking, The Consul, The Prisoner/Fidelio (WNO); Lucia di Lammermoor (Dorset Opera); Set & Costume Designer Albert Herring (RWCMD)",
          "facebook":null,
          "twitter":null,
          "record_added":"2022-05-18T15:45:31.813Z",
          "record_edited":"2022-05-18T15:45:31.813Z"
       }
    },
    {
       "model":"works.people",
       "pk":22,
       "fields":{
          "name":"Zoe Spurr",
          "url":"zoe-spurr",
          "thumb_image":"people/zoe-spurr/thumbs/Zoe-Spurr_a9b45cf07d56a908df051ba8d0ec9627.jpg",
          "synopsis":"Zoe Spurr is a theatre lighting designer whose work has been seen on the West End, throughout the UK and internationally. She won the 2019 Theatre and Technology Award Lighting Design for The Unreturning (Frantic Assembly UK Tour), Lightmongers’ ALD Award for New Talent in Entertainment Lighting and the OFFIE award for Lighting Design for Tiny Dynamite (Old Red Lion Theatre).\r\n\r\nRecent engagements:Our Generation (National Theatre); Bonnie and Clyde the Musical (West End); Current Rising (Linbury Studio, Royal Opera House); Fantastically Great Women Who Changed the World (Kenny Wax Family Entertainment); Mast (Mayflower and UK Tour); Eugene Onegin, Georgiana (Buxton International Festival)",
          "facebook":null,
          "twitter":null,
          "record_added":"2022-05-18T15:46:08.659Z",
          "record_edited":"2022-05-18T15:46:08.659Z"
       }
    },
    {
       "model":"works.people",
       "pk":23,
       "fields":{
          "name":"Sebastian Frost",
          "url":"sebastian-frost",
          "thumb_image":"people/sebastian-frost/thumbs/Sebastian-Frost_a9b45cf07d56a908df051ba8d0ec9627.jpg",
          "synopsis":"Sebastian Frost trained at the Guildhall School of Music and Drama. He has been the Sound Designer for a unique and diverse range of hundreds of projects from London’s West End, Broadway and European theatre productions to installations, large scale public events, exhibitions, product launches and awards ceremonies.\r\n\r\nRecent engagements:The Last Ship (UK, US, Canada); A Little Night Music (Opera North/Leeds Playhouse); 170 Days in Nanjing (Nanjing Opera); Memoirs of a Sailor (Kuwait National Theatre); Kiss Me Kate (WNO); Jekyll & Hyde (Old Vic); Queen Coal (Sheffield Crucible)",
          "facebook":null,
          "twitter":null,
          "record_added":"2022-05-18T15:46:36.149Z",
          "record_edited":"2022-05-18T15:46:36.149Z"
       }
    },
    {
       "model":"works.people",
       "pk":24,
       "fields":{
          "name":"Melody Squire",
          "url":"melody-squire",
          "thumb_image":"people/melody-squire/thumbs/Melody-Squire_1ea4c1e1f7cee723239b1e24b8761c9c.jpg",
          "synopsis":"American-born choreographer Melody Squire is known for creating visually stimulating work as well as her innate storytelling ability. Her versatility across dance genres makes her a choreographer in high demand, working extensively in film, television and theatre. As a performer, Melody has worked with numerous artists including Madonna, James Blunt, Shah Rukh Khan and pop promo for Beyoncé. Melody is the founder and artistic director of Sol Dans Company, a London based, award winning contemporary dance company.\r\n\r\nRecent engagements: Choreographer for Fila, Selfridges, the Corrs, SYTYCD UK and Tiger Bay the Musical.",
          "facebook":null,
          "twitter":null,
          "record_added":"2022-05-18T15:47:05.285Z",
          "record_edited":"2022-05-18T15:47:05.285Z"
       }
    },
    {
       "model":"works.people",
       "pk":25,
       "fields":{
          "name":"Sarah Woods",
          "url":"sarah-woods",
          "thumb_image":"people/sarah-woods/thumbs/Sarah-Woods-colour_a9b45cf07d56a908df051ba8d0ec9627.jpg",
          "synopsis":"Sarah Woods is a playwright, activist and educator. She is currently writing The Ruff Tuff Cream Puff Estate Agency with Boff Whalley, for Cardboard Citizens, and working with Dr Jane Goodall on a dramatization of her book In the Shadow of Man for BBC Radio 4. Sarah’s podcast series Power Out, about power and extinction, is available on BBC Sounds.",
          "facebook":null,
          "twitter":null,
          "record_added":"2022-05-18T15:47:38.547Z",
          "record_edited":"2022-05-18T15:47:38.547Z"
       }
    },
    {
       "model":"works.people",
       "pk":26,
       "fields":{
          "name":"Eric Ngalle Charles",
          "url":"eric-ngalle-charles",
          "thumb_image":"people/eric-ngalle-charles/thumbs/Eric-Ngalle-Charles-2_4df01e2f8df05d75ea611dafb74d2463.jpg",
          "synopsis":"Eric Ngalle Charles is a Cameroon-born Wales based writer, poet, playwright, actor and activist. He is currently a postgraduate student at Swansea University. Following the publication last year of his autobiography, I, Eric Ngalle, Eric was selected by Jackie Kay as one of the UK’s top ten BAME writers. He was recently the special guest at the African Festival of Emerging Writers, Cardiff Seren poetry Festival and his short film Eric Ngalle: This is Not a Poem is currently touring the UK.",
          "facebook":null,
          "twitter":null,
          "record_added":"2022-05-18T15:48:08.930Z",
          "record_edited":"2022-05-18T15:48:08.930Z"
       }
    },
    {
       "model":"works.people",
       "pk":27,
       "fields":{
          "name":"Tomáš Hanus",
          "url":"tomas-hanus",
          "thumb_image":"people/tomas-hanus/thumbs/Tomas-Hanus.-Photo-Credit-Betina-Skovbro-09_b2b276317ea68a58a8bfef6e3d.jpg",
          "synopsis":"Tomáš Hanus began his tenure as WNO Music Director in autumn 2016 receiving rave reviews from the start. His first season featured opera productions of Die Fledermaus and Der Rosenkavalier, concerts with the WNO Orchestra at St David’s Hall, Cardiff where he received a five-star review in The Guardian, and the prestigious Cardiff Singer of the World Competition. Tomáš returned to Cardiff in autumn 2017 with highly acclaimed productions of Khovanshchina and Janáček’s From the House of the Dead. As WNO Music Director, each season Tomáš will conduct orchestral concerts around Wales and England as well as taking the baton during opera seasons.\r\n\r\nOutside the UK, in 2017/2018 Tomáš made his debuts at the Vienna State Opera with Rusalka, where he received an immediate re-invitation, and at the Zurich Opera with performances of Rite of Spring. In 2018/2019 Tomáš continues his strong relationship with Bayerische Staatsoper, Munich where he conducts a new production of The Bartered Bride and he returns to Opéra National de Paris for Tchaikovsky’s Iolanta. Past seasons Tomáš has conducted at the Dresden Staatskapelle, the Danish National Opera and Teatro Real Madrid.\r\n\r\nAs a symphonic conductor, Tomáš has conducted the London Symphony Orchestra, SWR Sinfonieorchester Baden-Baden, Czech Philharmonic, BBC Symphony Orchestra and at the Mostly Mozart Festival New York with the Festival Orchestra to name a few.\r\n\r\nBorn in Brno in the Czech Republic, he is recognised as one of their most exciting and important current conductors.",
          "facebook":"tomashanusconductor",
          "twitter":null,
          "record_added":"2022-05-18T15:51:38.787Z",
          "record_edited":"2022-05-18T15:51:38.787Z"
       }
    },
    {
       "model":"works.people",
       "pk":28,
       "fields":{
          "name":"Richard Norton",
          "url":"richard-norton",
          "thumb_image":"people/richard-norton/thumbs/download.jpg",
          "synopsis":"",
          "facebook":null,
          "twitter":null,
          "record_added":"2022-05-18T15:52:49.876Z",
          "record_edited":"2022-05-18T15:52:49.876Z"
       }
    },
    {
       "model":"works.people",
       "pk":29,
       "fields":{
          "name":"Giacomo Puccini",
          "url":"giacomo_puccini",
          "thumb_image":"people/giacomo_puccini/thumbs/gettyimages-113493753-copy.jpg",
          "synopsis":"Giacomo Puccini[n 1] (22 December 1858 – 29 November 1924) was an Italian composer known primarily for his operas. Regarded as the greatest[1] and most successful proponent of Italian opera after Verdi, he was descended from a long line of composers, stemming from the late-Baroque era. Though his early work was firmly rooted in traditional late-19th-century Romantic Italian opera he later developed his work in the realistic verismo style, of which he became one of the leading exponents.\r\n\r\nHis most renowned works are La bohème (1896), Tosca (1900), Madama Butterfly (1904), and Turandot (1924), all of which are among the most frequently performed and recorded of all operas.",
          "facebook":null,
          "twitter":null,
          "record_added":"2022-05-18T16:06:55.733Z",
          "record_edited":"2022-05-18T16:06:55.733Z"
       }
    },
    {
       "model":"works.people",
       "pk":30,
       "fields":{
          "name":"James Southall",
          "url":"james-southall",
          "thumb_image":"people/james-southall/thumbs/thumbnail_James-Southall-2_a9b45cf07d56a908df051ba8d0ec9627.jpg",
          "synopsis":"James Southall is a conductor, pianist and coach with WNO. He trained at Queens’ College, Cambridge and the Royal College of Music where he studied with Roger Vignoles and John Blakely. He has conducted several leading opera companies and orchestras including English Touring Opera, Sinfonia Cymru, L'orchestra Haydn di Bolzano e Trento, Camerata Nordica and Opéra de Baugé. He has also been Assistant Conductor to Carlo Rizzi, Tomáš Hanus, Lothar Koenigs and Mark Wigglesworth. James won the Accompanist’s Prize at The Kathleen Ferrier Awards and has collaborated with Sir Bryn Terfel, Rebecca Evans, Elizabeth Watts and Ailish Tynan. He has given recitals at the Wigmore Hall and performed live on BBC Radio 3. Recent projects include directing two Menotti operas from the piano with the Royal Welsh College of Music and Drama, Musical Director for the Mozart/da Ponte Trilogy workshop at La Monnaie, Brussels and Assistant Conductor for Schoenberg’s Moses und Aron at the Teatro Real, Madrid.\r\n\r\nRecent engagements: Conductor Roberto Devereux, La traviata, Don Giovanni, Die Fledermaus, Le Vin herbé (WNO)",
          "facebook":null,
          "twitter":null,
          "record_added":"2022-05-18T16:15:54.741Z",
          "record_edited":"2022-05-18T16:15:54.741Z"
       }
    },
    {
       "model":"works.people",
       "pk":31,
       "fields":{
          "name":"Lindy Hume",
          "url":"lindy-hume",
          "thumb_image":"people/lindy-hume/thumbs/Lindy-Hume_e7f5c85ce252b3443e100c9ae30c07a2.jpg",
          "synopsis":"Lindy Hume has created major productions in Australia, New Zealand, across Europe and the UK, Sweden, and America. She has been Artistic Director of Opera Queensland, Sydney Festival, Perth International Arts Festival, Victoria State Opera, OzOpera, West Australian Opera and currently leads Ten Days on the Island, Tasmania and the Four Winds Festivals.\r\n\r\nRecent engagements:Rigoletto (Seattle Opera); The Marriage of Figaro (New Zealand Opera); The Barber of Seville (State Opera South Australia)",
          "facebook":null,
          "twitter":null,
          "record_added":"2022-05-18T16:16:37.972Z",
          "record_edited":"2022-05-18T16:16:37.972Z"
       }
    },
    {
       "model":"works.people",
       "pk":32,
       "fields":{
          "name":"Caroline Chaney",
          "url":"caroline-chaney",
          "thumb_image":"people/caroline-chaney/thumbs/Caroline-Chaney-colour-IMG_3834_3989d327627492c1af9d8e94a7b7d2aa.jpg",
          "synopsis":"Caroline Chaney was born in Manchester and trained in ballet. After a degree in Education, she worked as an actor and puppeteer. She then worked in floor management for the BBC, stage management for WNO, the Royal Opera House and Opera North and Company management for WNO and Glyndebourne, before joining WNO full time as Staff Director.\r\n\r\nRecent engagements: Director Alice’s Adventures in Wonderland,Rigoletto, The Magic Flute, Don Giovanni, Eugene Onegin, Associate Director Les vêpres siciliennes (WNO); Sweeney Todd (La Monnaie, Den Kongelige Opera | The Royal Danish Opera)",
          "facebook":null,
          "twitter":null,
          "record_added":"2022-05-18T16:17:10.977Z",
          "record_edited":"2022-05-18T16:17:10.977Z"
       }
    },
    {
       "model":"works.people",
       "pk":33,
       "fields":{
          "name":"Alicia Frost",
          "url":"alicia-frost",
          "thumb_image":"people/alicia-frost/thumbs/Alicia-Frost_063c11d5fb8b8188ef95fc24de4c4ad8.jpg",
          "synopsis":"Alicia Frost is from Winnipeg and trained at The School of Toronto Dance Theatre, Laban and Royal Academy of Dance. She is on the faculty at Urdang and ArtsEd. She worked as an animateur for Rambert Dance Company for many years. Frost has worked in British opera as a freelance dancer, movement director, choreographer and assistant director. Her forthcoming engagements include Choreographer for The Magic Flute with Oxford Opera and Hansel and Gretel with Nederlandse Reisopera.\r\n\r\nRecent engagements: Assistant Director Don Giovanni (Dorset Opera), Peter Grimes (WadOpera Nederlandse); Choreographer Paris and Helen (Bampton Classical Opera); Staff Director Roberto Devereux, La Cenerentola (WNO)",
          "facebook":null,
          "twitter":null,
          "record_added":"2022-05-18T16:18:02.282Z",
          "record_edited":"2022-05-18T16:18:02.282Z"
       }
    },
    {
       "model":"works.people",
       "pk":34,
       "fields":{
          "name":"Denni Sayers",
          "url":"denni-sayers",
          "thumb_image":"people/denni-sayers/thumbs/Sayers-Danni_a9b45cf07d56a908df051ba8d0ec9627.jpg",
          "synopsis":"Denni Sayers is a choreographer and director working in opera and theatre. She has long-standing collaborations with many leading directors‚ including Francesca Zambello‚ Jonathan Kent‚ Niel Armfield‚ David Pountney and the late Nikolaus Lehnhoff. Sayers has also several staged BBC Proms, including The Water Diviner’s Tale, Dr Who proms and Ten Pieces proms.\r\n\r\nRecent engagements: Choreographer Carmen, The Marriage of Figaro, Rigoletto (WNO); Carmen (San Francisco Opera); Manon Lescaut (Teatro alla Scala); Hänsel und Gretel (Wiener Staatsoper)",
          "facebook":null,
          "twitter":null,
          "record_added":"2022-05-18T16:18:42.490Z",
          "record_edited":"2022-05-18T16:18:42.490Z"
       }
    },
    {
       "model":"works.people",
       "pk":35,
       "fields":{
          "name":"Isabella Bywater",
          "url":"isabella-bywater",
          "thumb_image":"people/isabella-bywater/thumbs/Isabella-Bywater_be68daa6d27de8f4659ededefb64973f.jpg",
          "synopsis":"Isabella is an award-winning director and designer of opera and theatre. She has designed sets and costumes for over 50 productions both in the UK and internationally. Her designs for A Midsummer Night’s Dream at the Mariinsky Theatre were nominated for multiple awards and the production won the prestigious Zolotov Sofit award for ‘Best Opera’ (2011). Isabella made her director and designer debut in 2013 with Gounod’s Faust at the Mariinsky Theatre. She is also a sculptor and studied Philosophy at Birkbeck, University of London.\r\n\r\nRecent engagements: Director & Designer Suor Angelica, Il Tabarro, Gianni Schicchi (Oslo Opera); La bohème (San Diego Opera); Faust (Mariinsky Theatre)",
          "facebook":null,
          "twitter":null,
          "record_added":"2022-05-18T16:19:15.750Z",
          "record_edited":"2022-05-18T16:19:15.750Z"
       }
    },
    {
       "model":"works.people",
       "pk":36,
       "fields":{
          "name":"Ash J Woodward",
          "url":"ash-j-woodward",
          "thumb_image":"people/ash-j-woodward/thumbs/preview-full-Ash-J-Woodward_a9b45cf07d56a908df051ba8d0ec9627.jpeg",
          "synopsis":"Ash J Woodward is an award-winning Video and Projection designer for live performance. He has designed and animated content for large scale shows on Broadway, in the West End, and around the world. His work includes 2D and 3D animation, cinematography, and visual effects. Ash also designs work for other live performance genres such as live music, exhibitions, and art installations.\r\n\r\nRecent engagements: Can I Live (Complicité); The Beauty Parade (Wales Millennium Centre); Armadillo (The Yard); The Cunning Little Vixen (Royal Opera House) and Harry Potter and the Cursed Child (Palace theatre and worldwide)",
          "facebook":null,
          "twitter":null,
          "record_added":"2022-05-18T16:19:46.767Z",
          "record_edited":"2022-05-18T16:19:46.767Z"
       }
    },
    {
       "model":"works.people",
       "pk":37,
       "fields":{
          "name":"Elanor Higgins",
          "url":"elanor-higgins",
          "thumb_image":"people/elanor-higgins/thumbs/Elanor-Higgins_f777dc5554121b0c778bf0b7024f7397.jpg",
          "synopsis":"Elanor is a prolific Lighting Designer based in Wales; lighting productions for Theatre, Opera, Dance, Musicals and Children’s Theatre in all sizes of theatres and venues as well as site specific and found spaces. Her work has taken her throughout the UK and internationally, including Ireland, Spain and the Sydney Opera House. She is a graduate of the Royal Welsh College of Music and Drama where she returns as a guest lecturer and mentor in Stage Lighting and Scenography.\r\n\r\nRecent engagements: Lighting Designer Rhondda Rips it Up (WNO); Eye of the Storm, The Ghost of Morfa Colliery, The White Feather, Halt (Theatr na nÓg); Pryd Mae’r Haf? Merched Caerdydd, Nos Sadwrn o Hyd, Hollti, Y Negesydd, Pridd (Theatr Genedlaethol Cymru)",
          "facebook":null,
          "twitter":null,
          "record_added":"2022-05-18T16:20:18.579Z",
          "record_edited":"2022-05-18T16:20:18.579Z"
       }
    },
    {
       "model":"works.people",
       "pk":38,
       "fields":{
          "name":"Leonardo Caimi",
          "url":"leonardo-caimi",
          "thumb_image":"people/leonardo-caimi/thumbs/Leonardo-Caimi_5bd9bbd1382d467633f67a9ce907c814.jpeg",
          "synopsis":"Celebrated for his velvety tone and elegant musicality as well as his excellent acting, Leonardo Caimi has established himself as one of the most acclaimed tenors of his generation, singing at prestigious venues and festivals across the world, such as the Royal Opera House, Covent Garden, Teatro alla Scala, the Teatro Real in Madrid, the Bavarian State Opera in Munich, Teatro Colón in Buenos Aires, Deutsche Oper Berlin and the Salzburg Festival.\r\n\r\nRecent engagements: Count Danilo Danilovitsch The Merry Widow, Alfredo Germont La traviata (Teatro Lirico di Cagliari); Des Grieux Manon Lescaut (State Opera Plovdiv, Israeli Opera); Werther Werther (Polish National Opera); Don José Carmen (Oper Leizpig)",
          "facebook":null,
          "twitter":null,
          "record_added":"2022-05-18T16:23:41.527Z",
          "record_edited":"2022-05-18T16:23:41.527Z"
       }
    },
    {
       "model":"works.people",
       "pk":39,
       "fields":{
          "name":"Kezia Bienek",
          "url":"kezia-bienek",
          "thumb_image":"people/kezia-bienek/thumbs/Bienek-Kezia_a9b45cf07d56a908df051ba8d0ec9627.jpg",
          "synopsis":"British Mezzo-soprano Kezia Bienek trained at the Guildhall School of Music & Drama and the Opera School at the Royal College of Music. She has appeared at Wexford Festival Opera and the London Handel Festival and covered major roles at ENO, Scottish Opera and Glyndebourne, where she recently made her debut in both the Festival and Tour.\r\n\r\nRecent engagements: Forester's Wife The Cunning Little Vixen, Second Lady The Magic Flute (WNO); Dorothée Cendrillon (Glyndebourne on Tour); Cornelia Giulio Cesare (Glyndebourne Festival); Beppe L'amico Fritz (Opera Holland Park)",
          "facebook":null,
          "twitter":null,
          "record_added":"2022-05-18T16:24:39.477Z",
          "record_edited":"2022-05-18T16:24:39.478Z"
       }
    },
    {
       "model":"works.people",
       "pk":40,
       "fields":{
          "name":"Wolfgang Amadeus Mozart",
          "url":"wolfgang-amadeus-mozart",
          "thumb_image":"people/wolfgang-amadeus-mozart/thumbs/wolfgang-mozart-9417115-2-402.jpg",
          "synopsis":"Wolfgang Amadeus Mozart[a] (27 January 1756 – 5 December 1791), baptised as Joannes Chrysostomus Wolfgangus Theophilus Mozart,[b] was a prolific and influential composer of the Classical period. Despite his short life, his rapid pace of composition resulted in more than 800 works of virtually every genre of his time. Many of these compositions are acknowledged as pinnacles of the symphonic, concertante, chamber, operatic, and choral repertoire. Mozart is among the greatest composers in the history of Western music,[1] with music admired for its \"melodic beauty, its formal elegance and its richness of harmony and texture\".[2]\r\n\r\nBorn in Salzburg, in the Holy Roman Empire, Mozart showed prodigious ability from his earliest childhood. Already competent on keyboard and violin, he composed from the age of five and performed before European royalty. His father took him on a grand tour of Europe and then three trips to Italy. At 17, Mozart was engaged as a musician at the Salzburg court but grew restless and travelled in search of a better position.\r\n\r\nWhile visiting Vienna in 1781, he was dismissed from his Salzburg position. He chose to stay in Vienna, where he achieved fame but little financial security. During his final years in Vienna, he composed many of his best-known symphonies, concertos, and operas, and portions of the Requiem, which was largely unfinished at the time of his early death at the age of 35. The circumstances of his death are largely uncertain and have thus been much mythologized.",
          "facebook":null,
          "twitter":null,
          "record_added":"2022-05-18T18:54:48.988Z",
          "record_edited":"2022-05-18T18:54:48.988Z"
       }
    },
    {
       "model":"works.role",
       "pk":1,
       "fields":{
          "name":"Pero Jones | Chief Mistawasis",
          "person":3,
          "record_added":"2022-05-18T15:32:24.931Z",
          "record_edited":"2022-05-18T15:32:24.931Z"
       }
    },
    {
       "model":"works.role",
       "pk":2,
       "fields":{
          "name":"John Pinney | Alexander Morris | Pin-Striped Man",
          "person":4,
          "record_added":"2022-05-18T15:33:00.444Z",
          "record_edited":"2022-05-18T15:33:00.444Z"
       }
    },
    {
       "model":"works.role",
       "pk":3,
       "fields":{
          "name":"William (Pero's Father) | Chief Ahtukukoop",
          "person":5,
          "record_added":"2022-05-18T15:33:27.925Z",
          "record_edited":"2022-05-18T15:33:27.925Z"
       }
    },
    {
       "model":"works.role",
       "pk":4,
       "fields":{
          "name":"Bridget | Emelda",
          "person":6,
          "record_added":"2022-05-18T15:33:56.106Z",
          "record_edited":"2022-05-18T15:38:42.122Z"
       }
    },
    {
       "model":"works.role",
       "pk":5,
       "fields":{
          "name":"Dawn",
          "person":7,
          "record_added":"2022-05-18T15:34:24.640Z",
          "record_edited":"2022-05-18T15:34:24.640Z"
       }
    },
    {
       "model":"works.role",
       "pk":6,
       "fields":{
          "name":"Makra (Pero's Grandfather) | Councillor Pay-Pay-See-See-Moo | Tom",
          "person":8,
          "record_added":"2022-05-18T15:34:56.133Z",
          "record_edited":"2022-05-18T15:34:56.133Z"
       }
    },
    {
       "model":"works.role",
       "pk":7,
       "fields":{
          "name":"Kadra",
          "person":9,
          "record_added":"2022-05-18T15:35:20.886Z",
          "record_edited":"2022-05-18T15:35:20.886Z"
       }
    },
    {
       "model":"works.role",
       "pk":8,
       "fields":{
          "name":"Nadine",
          "person":10,
          "record_added":"2022-05-18T15:35:54.398Z",
          "record_edited":"2022-05-18T15:35:54.398Z"
       }
    },
    {
       "model":"works.role",
       "pk":9,
       "fields":{
          "name":"Michael Holbrook",
          "person":11,
          "record_added":"2022-05-18T15:36:40.082Z",
          "record_edited":"2022-05-18T15:36:40.082Z"
       }
    },
    {
       "model":"works.role",
       "pk":10,
       "fields":{
          "name":"Ensemble",
          "person":12,
          "record_added":"2022-05-18T15:37:10.769Z",
          "record_edited":"2022-05-18T15:37:10.769Z"
       }
    },
    {
       "model":"works.role",
       "pk":11,
       "fields":{
          "name":"Chief Pee-Ay-Sis/Ensemble",
          "person":13,
          "record_added":"2022-05-18T15:37:41.337Z",
          "record_edited":"2022-05-18T15:37:41.337Z"
       }
    },
    {
       "model":"works.role",
       "pk":12,
       "fields":{
          "name":"Mrs Pinney",
          "person":14,
          "record_added":"2022-05-18T15:38:15.420Z",
          "record_edited":"2022-05-18T15:38:15.421Z"
       }
    },
    {
       "model":"works.role",
       "pk":13,
       "fields":{
          "name":"Conductor",
          "person":15,
          "record_added":"2022-05-18T15:42:09.818Z",
          "record_edited":"2022-05-18T15:42:09.818Z"
       }
    },
    {
       "model":"works.role",
       "pk":14,
       "fields":{
          "name":"Director / Librettist",
          "person":16,
          "record_added":"2022-05-18T15:42:54.141Z",
          "record_edited":"2022-05-18T15:42:54.141Z"
       }
    },
    {
       "model":"works.role",
       "pk":15,
       "fields":{
          "name":"Associate Director",
          "person":17,
          "record_added":"2022-05-18T15:43:20.369Z",
          "record_edited":"2022-05-18T15:43:20.369Z"
       }
    },
    {
       "model":"works.role",
       "pk":16,
       "fields":{
          "name":"Associate Director",
          "person":18,
          "record_added":"2022-05-18T15:44:05.511Z",
          "record_edited":"2022-05-18T15:44:05.511Z"
       }
    },
    {
       "model":"works.role",
       "pk":17,
       "fields":{
          "name":"Staff Director",
          "person":19,
          "record_added":"2022-05-18T15:44:35.512Z",
          "record_edited":"2022-05-18T15:44:35.512Z"
       }
    },
    {
       "model":"works.role",
       "pk":18,
       "fields":{
          "name":"Set Designer",
          "person":20,
          "record_added":"2022-05-18T15:45:06.904Z",
          "record_edited":"2022-05-18T15:45:06.904Z"
       }
    },
    {
       "model":"works.role",
       "pk":19,
       "fields":{
          "name":"Costume Designer",
          "person":21,
          "record_added":"2022-05-18T15:45:33.610Z",
          "record_edited":"2022-05-18T15:45:33.610Z"
       }
    },
    {
       "model":"works.role",
       "pk":20,
       "fields":{
          "name":"Lighting Designer",
          "person":22,
          "record_added":"2022-05-18T15:46:10.528Z",
          "record_edited":"2022-05-18T15:46:10.528Z"
       }
    },
    {
       "model":"works.role",
       "pk":21,
       "fields":{
          "name":"Sound Designer",
          "person":23,
          "record_added":"2022-05-18T15:46:38.198Z",
          "record_edited":"2022-05-18T15:46:38.198Z"
       }
    },
    {
       "model":"works.role",
       "pk":22,
       "fields":{
          "name":"Choreographer and Associate Director",
          "person":24,
          "record_added":"2022-05-18T15:47:06.551Z",
          "record_edited":"2022-05-18T15:47:06.551Z"
       }
    },
    {
       "model":"works.role",
       "pk":23,
       "fields":{
          "name":"Librettist",
          "person":25,
          "record_added":"2022-05-18T15:47:39.715Z",
          "record_edited":"2022-05-18T15:47:39.715Z"
       }
    },
    {
       "model":"works.role",
       "pk":24,
       "fields":{
          "name":"Librettist",
          "person":26,
          "record_added":"2022-05-18T15:48:10.997Z",
          "record_edited":"2022-05-18T15:48:10.997Z"
       }
    },
    {
       "model":"works.role",
       "pk":25,
       "fields":{
          "name":"Production Manager",
          "person":28,
          "record_added":"2022-05-18T15:52:51.142Z",
          "record_edited":"2022-05-18T15:52:51.142Z"
       }
    },
    {
       "model":"works.role",
       "pk":26,
       "fields":{
          "name":"Conductor",
          "person":30,
          "record_added":"2022-05-18T16:15:56.717Z",
          "record_edited":"2022-05-18T16:15:56.717Z"
       }
    },
    {
       "model":"works.role",
       "pk":27,
       "fields":{
          "name":"Original Director",
          "person":31,
          "record_added":"2022-05-18T16:16:39.774Z",
          "record_edited":"2022-05-18T16:16:39.774Z"
       }
    },
    {
       "model":"works.role",
       "pk":28,
       "fields":{
          "name":"Revival Director",
          "person":32,
          "record_added":"2022-05-18T16:17:12.906Z",
          "record_edited":"2022-05-18T16:17:12.906Z"
       }
    },
    {
       "model":"works.role",
       "pk":29,
       "fields":{
          "name":"Staff Director",
          "person":33,
          "record_added":"2022-05-18T16:18:04.156Z",
          "record_edited":"2022-05-18T16:18:04.156Z"
       }
    },
    {
       "model":"works.role",
       "pk":30,
       "fields":{
          "name":"Movement Director",
          "person":34,
          "record_added":"2022-05-18T16:18:45.792Z",
          "record_edited":"2022-05-18T16:18:45.792Z"
       }
    },
    {
       "model":"works.role",
       "pk":31,
       "fields":{
          "name":"Designer",
          "person":35,
          "record_added":"2022-05-18T16:19:17.317Z",
          "record_edited":"2022-05-18T16:19:17.317Z"
       }
    },
    {
       "model":"works.role",
       "pk":32,
       "fields":{
          "name":"Video Designer",
          "person":36,
          "record_added":"2022-05-18T16:19:52.667Z",
          "record_edited":"2022-05-18T16:19:52.667Z"
       }
    },
    {
       "model":"works.role",
       "pk":33,
       "fields":{
          "name":"Lighting Designer",
          "person":37,
          "record_added":"2022-05-18T16:20:20.146Z",
          "record_edited":"2022-05-18T16:20:20.146Z"
       }
    },
    {
       "model":"works.role",
       "pk":34,
       "fields":{
          "name":"Pinkerton",
          "person":38,
          "record_added":"2022-05-18T16:23:43.624Z",
          "record_edited":"2022-05-18T16:23:43.624Z"
       }
    },
    {
       "model":"works.role",
       "pk":35,
       "fields":{
          "name":"Goro",
          "person":8,
          "record_added":"2022-05-18T16:23:59.273Z",
          "record_edited":"2022-05-18T16:23:59.273Z"
       }
    },
    {
       "model":"works.role",
       "pk":36,
       "fields":{
          "name":"Suzuki",
          "person":39,
          "record_added":"2022-05-18T16:24:41.159Z",
          "record_edited":"2022-05-18T16:24:41.159Z"
       }
    },
    {
       "model":"works.work",
       "pk":1,
       "fields":{
          "url":"migrations",
          "name":"Migrations",
          "composer":2,
          "world_premiere":"2022-06-29",
          "record_added":"2022-05-18T13:34:41.016Z",
          "record_edited":"2022-05-18T13:57:25.905Z"
       }
    },
    {
       "model":"works.work",
       "pk":2,
       "fields":{
          "url":"madam-butterfly",
          "name":"Madam Butterfly",
          "composer":29,
          "world_premiere":"1904-02-17",
          "record_added":"2022-05-18T16:07:25.361Z",
          "record_edited":"2022-05-18T16:07:25.361Z"
       }
    },
    {
       "model":"works.work",
       "pk":3,
       "fields":{
          "url":"don-giovanni",
          "name":"Don Giovanni",
          "composer":40,
          "world_premiere":"1787-10-29",
          "record_added":"2022-05-18T18:57:53.672Z",
          "record_edited":"2022-05-18T18:57:53.672Z"
       }
    },
    {
       "model":"works.production",
       "pk":1,
       "fields":{
          "url":"migrations-2022",
          "work":1,
          "year":2022,
          "synopsis":"The desire to broaden our horizons is a natural one, but for many, it is a necessity to improve on circumstances. However, the result of doing so often has unintended consequences. \r\n\r\nThrough a series of six parallel storylines, Welsh National Opera’s new opera explores the highs and lows of migration.\r\n\r\nMayflower\r\nWritten by Sir David Pountney\r\nThe story of the group of settlers who sailed to America on the Mayflower 400 years ago, seeking freedom from religious persecution in Britain.\r\n\r\nTreaty 6\r\nWritten by Sarah Woods\r\nThe story of a community fighting to save the land they are stewards of from environmental devastation and their reaction to the experience of inward migration, displacement and colonisation by British migrants. \r\n\r\nFlight, Death or Fog\r\nWritten by Edson Burton & Miles Chambers\r\nHouse slave v field slave. Was one more privileged than the other? The story of Pero, an Afro-Caribbean slave in the ownership of a wealthy merchant family in 18th Century Bristol.\r\n\r\nBirds\r\nWritten by Eric Ngalle Charles\r\nTo birds migration is a way of life. Movement from east to west and back occurs naturally, they cross lands, cross mountains for feeding grounds and return to their natural abode when the time is right. \r\n\r\nThe English Lesson\r\nWritten by Sarah Woods\r\nA group of refugees and asylum seekers gather to learn English in the country they have recently arrived in. But while the questions they learn to ask and answer seem simple they reveal a more difficult reality.\r\n\r\nThis is the Life!\r\nWritten by Shreya Sen-Handley\r\nA humorous look at the experience of Indian doctors in the NHS. In 1968, two young practitioners, invited by the British Government to build the new National Health Service, find themselves reviled and rejected, despite the assurances given of the “good life” awaiting them",
          "tagline":"We spread our wings but what are the consequences?",
          "hash_tag":"WNOmigrations",
          "language":"English",
          "production_premiere":"2022-06-29",
          "dead":false,
          "hero_image":"production/migrations-2022/heros/WNO-CL1045-A20-S21-Website-Images_Cover_Migrations_d211d681c32b.jpg",
          "thumb_image":"production/migrations-2022/thumbs/WNO-CL1045-A20-S21-Website-Images_Header_Migrations_0196c01967.jpg",
          "record_added":"2022-05-18T13:36:40.364Z",
          "record_edited":"2022-05-18T15:53:03.938Z",
          "rating_total":null,
          "rating_count":null,
          "creatives":[
             13,
             14,
             15,
             16,
             18,
             19,
             20,
             21,
             22,
             23,
             24
          ],
          "cast":[
             1,
             2,
             3,
             4,
             5,
             6,
             7,
             8,
             9,
             10,
             11,
             12
          ],
          "staff":[
             17,
             25
          ]
       }
    },
    {
       "model":"works.production",
       "pk":2,
       "fields":{
          "url":"madam-butterfly-2021",
          "work":2,
          "year":2021,
          "synopsis":"Wedding preparations are underway for Lieutenant Pinkerton of the United States Navy, who has taken out a ‘999-year’ lease on a house. Anticipating the arrival of his young bride-to-be, known as Madam Butterfly, Pinkerton is reassured by the ‘marriage-broker’ Goro that both the lease and the marriage contract have convenient exit clauses. He breezily shares his world view over a pre-wedding drink with his compatriot the American Consul Sharpless, who is concerned that the girl Butterfly recently visited the American Consulate and appears to be taking the marriage seriously. His advice to proceed with caution goes unheeded by the infatuated Pinkerton.\r\n\r\nButterfly (Cio Cio San) arrives, surrounded by friends and relations, eager to meet her new husband. She candidly reveals to Pinkerton and Sharpless the facts of her life so far. Her family has lost everything. Her father had committed suicide, so she entertains as a ‘hostess’ to support her impoverished mother. She is exactly 15 years old. Privately, Butterfly shares her most treasured possessions with Pinkerton, confessing that, in order to please her husband, she has been secretly adapting to his American way-of-life and beliefs.\r\n\r\nThe marriage ceremony takes place with efficiency, but the celebrations are interrupted by the Bonze, Butterfly’s feared uncle, who confronts her about her secret visits to the mission and the American Consulate. Furious, the Bonze publicly condemns Butterfly for betraying her community and culture. Her shocked family and friends, apart from the servant Suzuki, denounce and shun her. Pinkerton comforts the abandoned Butterfly. The newlyweds make love under the stars.\r\n\r\nThree years have passed. Butterfly and Suzuki are still living in Pinkerton’s house and have run out of money. Convinced that Pinkerton will return, Butterfly has turned down several marriage proposals from the wealthy Yamadori.\r\n\r\nSharpless has had a letter from Pinkerton asking him to break the news to Butterfly that he is planning to return, but that Pinkerton does not want to see her.  She refuses to listen. When Sharpless tries to persuade her to accept Yamadori, she says death would be preferable and reveals she has had a son by Pinkerton. Sharpless leaves, promising to let the child’s father know. The harbour cannon is heard, signaling the arrival of Pinkerton’s ship. Her devotion vindicated; Butterfly celebrates with Suzuki before settling down to await his arrival in a night vigil.\r\n\r\nThe next morning Butterfly is still waiting. Suzuki persuades her to sleep as Sharpless returns with Pinkerton and his real American wife, Kate. They ask for Suzuki’s help in breaking the news to Butterfly that they want to adopt the child. Faced with the reality of his actions, Pinkerton gives Sharpless money to pay for the child and leaves.\r\n\r\nButterfly wakes, to be confronted by a stranger who makes her afraid. Comprehending that this woman is Pinkerton’s wife, she agrees to give up her son on condition that Pinkerton comes in person to fetch him. She says goodbye to her young son and, using the weapon her father used before her, she kills herself. Pinkerton returns to find Butterfly’s lifeless body.",
          "tagline":"Honeymoon hope turns to betrayal and despair",
          "hash_tag":"WNObutterfly",
          "language":"Italian",
          "production_premiere":"2021-08-12",
          "dead":false,
          "hero_image":"production/madam-butterfly-2021/heros/WNO-Madam-Butterfly-.jpg",
          "thumb_image":"production/madam-butterfly-2021/thumbs/butterfly-video-thumb.jpg",
          "record_added":"2022-05-18T16:13:33.956Z",
          "record_edited":"2022-05-18T16:24:50.390Z",
          "rating_total":null,
          "rating_count":null,
          "creatives":[
             26,
             27,
             28,
             30,
             31,
             32,
             33
          ],
          "cast":[
             34,
             35,
             36
          ],
          "staff":[
             25,
             29
          ]
       }
    },
    {
       "model":"works.production",
       "pk":3,
       "fields":{
          "url":"madam-butterfly-2016",
          "work":2,
          "year":2016,
          "synopsis":"A young Japanese woman, Cio-Cio-San (Madam Butterfly), has agreed to an arranged marriage with Lieutenant Pinkerton of the United States Navy. She takes the marriage seriously and falls in love, while he sees it simply as an amusing diversion during his posting to Japan.\r\n\r\nLeaving his bride behind him, Pinkerton is gone for three years, during which Cio-Cio-San is reduced to penury and gives birth to his child. Sharpless, the American consul, breaks the news to her that Pinkerton has returned, but with a new, American wife.\r\n\r\nWhen they hear about the child, Pinkerton and Kate decide that they should adopt him. In despair, knowing that they will be able to look after him better than she can, Butterfly takes a last farewell of her son and kills herself.\r\n\r\nJoachim Herz’s Madam Butterfly has been with us for over three decades and with good reason. It’s a classic, traditional staging of this much-loved opera. While being completely faithful to the composer’s intentions it also critiques imperialism to powerful effect. Each scene looks like a sepia photograph through which we glimpse a vanished world.",
          "tagline":"Cio-Cio-San marries, then falls in love with, US Navy Lieutenant Benjamin Pinkerton – with ultimately tragic consequences",
          "hash_tag":"WNObutterfly",
          "language":"Italian",
          "production_premiere":"2016-01-01",
          "dead":true,
          "hero_image":"production/madam-butterfly-2016/heros/WNO-Madam-Butterfly2016.jpg",
          "thumb_image":"production/madam-butterfly-2016/thumbs/wnomadambutterflykarahsoncio-cio-sanjonathanburtonpinker.jpeg",
          "record_added":"2022-05-18T16:28:43.836Z",
          "record_edited":"2022-05-18T18:32:57.262Z",
          "rating_total":null,
          "rating_count":null,
          "creatives":[
             
          ],
          "cast":[
             
          ],
          "staff":[
             
          ]
       }
    },
    {
       "model":"works.production",
       "pk":4,
       "fields":{
          "url":"don-giovanni-2021",
          "work":3,
          "year":2021,
          "synopsis":"Opera’s ultimate seducer is back and he’s behaving very badly. The charismatic Don Giovanni seduces his way around Europe, taking what he wants and living for lust, without conscience. When one of his conquests ends in murder, it looks like his luck is about to turn. He finds himself on the run, pursued by disgruntled ex-lovers, fiancées and a force from beyond the grave. But when he refuses to show remorse, his past catches up with him and leads to his ultimate demise.\r\n\r\nBased on the legend of Don Juan, Welsh National Opera’s production is set during the Spanish Golden Age. Mozart reflects both comedy and tragedy brilliantly in the score, including the ‘Catalogue’ aria detailing Giovanni’s list of 2065 lovers, the sparkling ‘Champagne’ aria and the high drama of the heart-stopping finale.",
          "tagline":"Playing with fire will burn you in the end",
          "hash_tag":"WNOgiovanni",
          "language":"Italian",
          "production_premiere":"2021-02-01",
          "dead":false,
          "hero_image":"production/don-giovanni-2021/heros/WNO-Don-Giovanni.jpg",
          "thumb_image":"production/don-giovanni-2021/thumbs/WNO-Don-Giovanni.jpg",
          "record_added":"2022-05-18T19:00:41.447Z",
          "record_edited":"2022-05-18T20:18:15.588Z",
          "rating_total":null,
          "rating_count":null,
          "creatives":[
             28
          ],
          "cast":[
             
          ],
          "staff":[
             
          ]
       }
    },
    {
       "model":"works.productionphoto",
       "pk":1,
       "fields":{
          "production":1,
          "name":"Rehearsal Set",
          "full_image":"production/migrations-2022/photos/full/IMG_20220505_131645.jpg",
          "thumb_image":"production/migrations-2022/photos/thumbs/IMG_20220505_131645.jpg",
          "record_added":"2022-05-18T13:50:00.664Z",
          "record_edited":"2022-05-18T13:50:00.664Z",
          "rating_total":null,
          "rating_count":null
       }
    },
    {
       "model":"works.productionphoto",
       "pk":2,
       "fields":{
          "production":1,
          "name":"The metal bleachers",
          "full_image":"production/migrations-2022/photos/full/IMG_20220505_131804.jpg",
          "thumb_image":"production/migrations-2022/photos/thumbs/IMG_20220505_131804.jpg",
          "record_added":"2022-05-18T13:51:15.819Z",
          "record_edited":"2022-05-18T13:51:15.819Z",
          "rating_total":null,
          "rating_count":null
       }
    },
    {
       "model":"works.productionphoto",
       "pk":3,
       "fields":{
          "production":1,
          "name":"Under the wooden gates",
          "full_image":"production/migrations-2022/photos/full/IMG_20220505_131930.jpg",
          "thumb_image":"production/migrations-2022/photos/thumbs/IMG_20220505_131930.jpg",
          "record_added":"2022-05-18T13:51:36.519Z",
          "record_edited":"2022-05-18T13:51:36.519Z",
          "rating_total":null,
          "rating_count":null
       }
    },
    {
       "model":"works.productionphoto",
       "pk":4,
       "fields":{
          "production":1,
          "name":"Getting on and off",
          "full_image":"production/migrations-2022/photos/full/IMG_20220505_131732.jpg",
          "thumb_image":"production/migrations-2022/photos/thumbs/IMG_20220505_131732.jpg",
          "record_added":"2022-05-18T13:52:02.661Z",
          "record_edited":"2022-05-18T13:52:02.661Z",
          "rating_total":null,
          "rating_count":null
       }
    },
    {
       "model":"works.productionphoto",
       "pk":5,
       "fields":{
          "production":1,
          "name":"Show floor",
          "full_image":"production/migrations-2022/photos/full/IMG_20220505_131706.jpg",
          "thumb_image":"production/migrations-2022/photos/thumbs/IMG_20220505_131706.jpg",
          "record_added":"2022-05-18T13:52:41.867Z",
          "record_edited":"2022-05-18T13:52:41.867Z",
          "rating_total":null,
          "rating_count":null
       }
    },
    {
       "model":"works.productionphoto",
       "pk":6,
       "fields":{
          "production":2,
          "name":"Rehersal",
          "full_image":"production/madam-butterfly-2021/photos/full/wno-butterfly-2021-reh_1.jpg",
          "thumb_image":"production/madam-butterfly-2021/photos/thumbs/wno-butterfly-2021-reh_1.jpg",
          "record_added":"2022-05-18T20:54:52.408Z",
          "record_edited":"2022-05-18T20:54:52.408Z",
          "rating_total":null,
          "rating_count":null
       }
    },
    {
       "model":"works.productionphoto",
       "pk":7,
       "fields":{
          "production":2,
          "name":"Rehersal",
          "full_image":"production/madam-butterfly-2021/photos/full/wno-butterfly-2021-reh_2.jpg",
          "thumb_image":"production/madam-butterfly-2021/photos/thumbs/wno-butterfly-2021-reh_2.jpg",
          "record_added":"2022-05-18T20:55:04.256Z",
          "record_edited":"2022-05-18T20:55:04.256Z",
          "rating_total":null,
          "rating_count":null
       }
    },
    {
       "model":"works.productionphoto",
       "pk":8,
       "fields":{
          "production":2,
          "name":"Rehersal",
          "full_image":"production/madam-butterfly-2021/photos/full/wno-butterfly-2021-reh_3.jpg",
          "thumb_image":"production/madam-butterfly-2021/photos/thumbs/wno-butterfly-2021-reh_3.jpg",
          "record_added":"2022-05-18T20:55:19.584Z",
          "record_edited":"2022-05-18T20:55:19.584Z",
          "rating_total":null,
          "rating_count":null
       }
    },
    {
       "model":"works.productionphoto",
       "pk":9,
       "fields":{
          "production":2,
          "name":"Rehersal",
          "full_image":"production/madam-butterfly-2021/photos/full/wno-butterfly-2021-reh_4.jpg",
          "thumb_image":"production/madam-butterfly-2021/photos/thumbs/wno-butterfly-2021-reh_4.jpg",
          "record_added":"2022-05-18T20:55:29.591Z",
          "record_edited":"2022-05-18T20:55:29.591Z",
          "rating_total":null,
          "rating_count":null
       }
    },
    {
       "model":"works.productionvideo",
       "pk":1,
       "fields":{
          "production":2,
          "name":"Madam Butterfly Trailer",
          "source":"",
          "youtube_source":"https://www.youtube.com/embed/PQaw8oKFiS4",
          "thumb_image":"production/migrations-2022/videos/thumbs/butterfly-video-thumb.jpg",
          "record_added":"2022-05-18T14:22:14.596Z",
          "record_edited":"2022-05-18T20:29:09.472Z",
          "rating_total":null,
          "rating_count":null
       }
    },
    {
       "model":"works.productionvideo",
       "pk":2,
       "fields":{
          "production":2,
          "name":"Madam Butterfly Trailer II",
          "source":"",
          "youtube_source":"https://www.youtube.com/embed/inRiIkoCMyM",
          "thumb_image":"production/migrations-2022/videos/thumbs/barber-thumb.jpg",
          "record_added":"2022-05-18T15:30:02.063Z",
          "record_edited":"2022-05-18T20:31:36.032Z",
          "rating_total":null,
          "rating_count":null
       }
    },
    {
       "model":"works.productionvideo",
       "pk":3,
       "fields":{
          "production":2,
          "name":"Audience Reaction",
          "source":"",
          "youtube_source":"https://www.youtube.com/embed/joAkgSzD3XM",
          "thumb_image":"",
          "record_added":"2022-05-18T20:30:05.752Z",
          "record_edited":"2022-05-18T20:31:44.080Z",
          "rating_total":null,
          "rating_count":null
       }
    },
    {
       "model":"works.productionvideo",
       "pk":4,
       "fields":{
          "production":2,
          "name":"Madam Butterfly through a 21st century lens",
          "source":"",
          "youtube_source":"https://www.youtube.com/embed/0in9zpi0hE8",
          "thumb_image":"",
          "record_added":"2022-05-18T20:32:36.696Z",
          "record_edited":"2022-05-18T20:32:36.696Z",
          "rating_total":null,
          "rating_count":null
       }
    },
    {
       "model":"works.productionvideo",
       "pk":5,
       "fields":{
          "production":2,
          "name":"Drama, Debuts and Duets",
          "source":"",
          "youtube_source":"https://www.youtube.com/embed/KHwhdz5ijXA",
          "thumb_image":"",
          "record_added":"2022-05-18T20:32:53.817Z",
          "record_edited":"2022-05-18T20:32:53.817Z",
          "rating_total":null,
          "rating_count":null
       }
    },
    {
       "model":"profiles.userprofile",
       "pk":1,
       "fields":{
          "user":1,
          "city":"Cardiff",
          "country":"GB"
       }
    },
    {
       "model":"profiles.userlike",
       "pk":3,
       "fields":{
          "user":1,
          "production":2,
          "record_added":"2022-05-24T18:09:16.604Z",
          "record_edited":"2022-05-24T18:09:16.604Z"
       }
    },
    {
       "model":"profiles.userlike",
       "pk":4,
       "fields":{
          "user":1,
          "production":3,
          "record_added":"2022-05-24T21:48:51.754Z",
          "record_edited":"2022-05-24T21:48:51.754Z"
       }
    },
    {
       "model":"profiles.userlike",
       "pk":5,
       "fields":{
          "user":1,
          "production":1,
          "record_added":"2022-05-24T23:12:06.649Z",
          "record_edited":"2022-05-24T23:12:06.649Z"
       }
    },
    {
       "model":"profiles.usercomment",
       "pk":7,
       "fields":{
          "user":3,
          "production":1,
          "comment":"Lorem ipsum dolor sit amet, consectetur adipiscing elit, sed do eiusmod tempor incididunt ut labore et dolore magna aliqua. Ut enim ad minim veniam, quis nostrud exercitation ullamco laboris nisi ut aliquip ex ea commodo consequat. Duis aute irure dolor in reprehenderit in voluptate velit esse cillum dolore eu fugiat nulla pariatur. Excepteur sint occaecat cupidatat non proident, sunt in culpa qui officia deserunt mollit anim id est laborum.",
          "record_added":"2022-05-24T14:01:41.980Z",
          "record_edited":"2022-05-24T22:10:56.037Z"
       }
    },
    {
       "model":"profiles.usercomment",
       "pk":8,
       "fields":{
          "user":3,
          "production":2,
          "comment":"butterfly gmail comment. not superuser",
          "record_added":"2022-05-24T14:02:12.698Z",
          "record_edited":"2022-05-24T14:02:12.698Z"
       }
    },
    {
       "model":"profiles.usercomment",
       "pk":18,
       "fields":{
          "user":2,
          "production":2,
          "comment":"Lorem ipsum dolor sit amet, consectetur adipiscing elit, sed do eiusmod tempor incididunt ut labore et dolore magna aliqua. Ut enim ad minim veniam, quis nostrud exercitation ullamco laboris nisi ut aliquip ex ea commodo consequat. Duis aute irure dolor in reprehenderit in voluptate velit esse cillum dolore eu fugiat nulla pariatur. Excepteur sint occaecat cupidatat non proident, sunt in culpa qui officia deserunt mollit anim id est laborum.",
          "record_added":"2022-05-24T15:35:32.418Z",
          "record_edited":"2022-05-24T15:35:32.418Z"
       }
    },
    {
       "model":"profiles.usercomment",
       "pk":19,
       "fields":{
          "user":13,
          "production":2,
          "comment":"Lorem ipsum dolor sit amet, consectetur adipiscing elit, sed do eiusmod tempor incididunt ut labore et dolore magna aliqua. Ut enim ad minim veniam, quis nostrud exercitation ullamco laboris nisi ut aliquip ex ea commodo consequat. Duis aute irure dolor in reprehenderit in voluptate velit esse cillum dolore eu fugiat nulla pariatur. Excepteur sint occaecat cupidatat non proident, sunt in culpa qui officia deserunt mollit anim id est laborum.",
          "record_added":"2022-05-24T15:35:57.600Z",
          "record_edited":"2022-05-24T15:35:57.600Z"
       }
    },
    {
       "model":"profiles.usercomment",
       "pk":20,
       "fields":{
          "user":1,
          "production":2,
          "comment":"Hehevr d f f f fhdhdhd fndhdyd fhdydudhd dhdhdud",
          "record_added":"2022-05-24T15:49:34.252Z",
          "record_edited":"2022-05-24T15:49:34.252Z"
       }
    },
    {
       "model":"profiles.usercomment",
       "pk":21,
       "fields":{
          "user":1,
          "production":3,
          "comment":"This is my review of the older butterfly",
          "record_added":"2022-05-24T21:49:12.261Z",
          "record_edited":"2022-05-24T21:49:24.764Z"
       }
    },
    {
       "model":"donations.donation",
       "pk":7,
       "fields":{
          "donation_number":"c1088120-e8f4-4902-8e46-386a7eec64c3",
          "user":null,
          "production":null,
          "full_name":"Tom Naylor",
          "email":"tom.naylor@hotmail.com",
          "country":"GB",
          "city":"Cardiff",
          "record_added":"2022-05-23T10:27:06.459Z",
          "record_edited":"2022-05-23T10:27:06.459Z",
          "donation_total":"0.00",
          "stripe_pid":"pi_3L2YTOIIeVztxuCK09yq62dw"
       }
    },
    {
       "model":"donations.donation",
       "pk":8,
       "fields":{
          "donation_number":"45de8329-6fd7-4fd8-9346-007deeb8ba27",
          "user":null,
          "production":null,
          "full_name":"Tom Naylor",
          "email":"tom.naylor@hotmail.com",
          "country":"GB",
          "city":"Cardiff",
          "record_added":"2022-05-23T10:30:00.558Z",
          "record_edited":"2022-05-23T10:30:00.558Z",
          "donation_total":"0.00",
          "stripe_pid":"pi_3L2YW2IIeVztxuCK1JUDGC6N"
       }
    },
    {
       "model":"donations.donation",
       "pk":9,
       "fields":{
          "donation_number":"710377f6-4d7f-4d71-94ce-4a84ba803101",
          "user":null,
          "production":null,
          "full_name":"Tom Naylor",
          "email":"tom.naylor@hotmail.com",
          "country":"GB",
          "city":"Cardiff",
          "record_added":"2022-05-23T10:33:25.532Z",
          "record_edited":"2022-05-23T10:33:25.900Z",
          "donation_total":"0.00",
          "stripe_pid":"pi_3L2YZPIIeVztxuCK0voHCec5"
       }
    },
    {
       "model":"donations.donation",
       "pk":10,
       "fields":{
          "donation_number":"237e8b5c-057f-47a0-8be1-ed6a14781eec",
          "user":null,
          "production":null,
          "full_name":"Tom Naylor",
          "email":"tom.naylor@hotmail.com",
          "country":"GB",
          "city":"Cardiff",
          "record_added":"2022-05-23T10:34:44.606Z",
          "record_edited":"2022-05-23T10:37:19.538Z",
          "donation_total":"0.00",
          "stripe_pid":"pi_3L2YamIIeVztxuCK1WXVgxLc"
       }
    },
    {
       "model":"donations.donation",
       "pk":11,
       "fields":{
          "donation_number":"d94d26c6-6b52-416d-adef-e57e2f83bc49",
          "user":1,
          "production":null,
          "full_name":"Tom Naylor",
          "email":"tom.naylor@hotmail.com",
          "country":"GB",
          "city":"Cardiff",
          "record_added":"2022-05-23T11:58:51.726Z",
          "record_edited":"2022-05-23T11:58:52.064Z",
          "donation_total":"0.00",
          "stripe_pid":"pi_3L2Zu3IIeVztxuCK03f3x9rW"
       }
    },
    {
       "model":"donations.donation",
       "pk":13,
       "fields":{
          "donation_number":"ba8de3dd-f5c9-4218-bafe-e1cd69c3a575",
          "user":1,
          "production":null,
          "full_name":"Tom Naylor",
          "email":"tom.naylor@hotmail.com",
          "country":"GB",
          "city":"Cardiff",
          "record_added":"2022-05-23T12:32:11.408Z",
          "record_edited":"2022-05-23T12:32:11.408Z",
          "donation_total":"9.11",
          "stripe_pid":"pi_3L2aQAIIeVztxuCK08wCA1Se"
       }
    },
    {
       "model":"donations.donation",
       "pk":14,
       "fields":{
          "donation_number":"e74c5b0d-c57c-49c5-ab30-43ec562c0114",
          "user":1,
          "production":null,
          "full_name":"Tom Naylor",
          "email":"tom.naylor@hotmail.com",
          "country":"GB",
          "city":"Cardiff",
          "record_added":"2022-05-23T12:38:26.746Z",
          "record_edited":"2022-05-23T12:38:26.746Z",
          "donation_total":"1.12",
          "stripe_pid":"pi_3L2aVuIIeVztxuCK1fmVDXmW"
       }
    },
    {
       "model":"donations.donation",
       "pk":15,
       "fields":{
          "donation_number":"93bb1e25-b8fc-450a-9b98-c62a65daad38",
          "user":1,
          "production":1,
          "full_name":"Tom Naylor",
          "email":"tom.naylor@hotmail.com",
          "country":"GB",
          "city":"Cardiff",
          "record_added":"2022-05-23T20:27:27.291Z",
          "record_edited":"2022-05-23T20:27:27.291Z",
          "donation_total":"9.99",
          "stripe_pid":"pi_3L2hqIIIeVztxuCK1U0FKF5r"
       }
    },
    {
       "model":"donations.donation",
       "pk":16,
       "fields":{
          "donation_number":"45f0d5ac-cd29-4cba-a69d-8c10984a7d6f",
          "user":1,
          "production":2,
          "full_name":"Tom Naylor",
          "email":"tom.naylor@hotmail.com",
          "country":"GB",
          "city":"Cardiff",
          "record_added":"2022-05-23T20:48:36.724Z",
          "record_edited":"2022-05-23T20:48:36.724Z",
          "donation_total":"9.99",
          "stripe_pid":"pi_3L2iAqIIeVztxuCK0PD9Ze5T"
       }
    },
    {
       "model":"donations.donation",
       "pk":17,
       "fields":{
          "donation_number":"828cf015-6fac-4b6b-9aaa-6955060c5015",
          "user":1,
          "production":3,
          "full_name":"Tom Naylor",
          "email":"tom.naylor@hotmail.com",
          "country":"GB",
          "city":"Cardiff",
          "record_added":"2022-05-23T22:19:15.753Z",
          "record_edited":"2022-05-23T22:19:15.753Z",
          "donation_total":"9.99",
          "stripe_pid":"pi_3L2jaVIIeVztxuCK1XQaJiwH"
       }
    },
    {
       "model":"donations.donation",
       "pk":18,
       "fields":{
          "donation_number":"05e1e731-567a-4aca-90d2-84fcfc12d9f0",
          "user":1,
          "production":1,
          "full_name":"Tom Naylor",
          "email":"tom.naylor@hotmail.com",
          "country":"GB",
          "city":"Cardiff",
          "record_added":"2022-05-24T09:57:39.686Z",
          "record_edited":"2022-05-24T09:57:39.686Z",
          "donation_total":"8.11",
          "stripe_pid":"pi_3L2uSKIIeVztxuCK0By5GWcb"
       }
    },
    {
       "model":"donations.donation",
       "pk":20,
       "fields":{
          "donation_number":"10b09168-cf74-4ee3-90cb-340c7b1a9b3a",
          "user":1,
          "production":1,
          "full_name":"Tom Naylor",
          "email":"tom.naylor@hotmail.com",
          "country":"GB",
          "city":"Cardiff",
          "record_added":"2022-05-24T10:35:30.669Z",
          "record_edited":"2022-05-24T10:35:30.669Z",
          "donation_total":"9.99",
          "stripe_pid":"pi_3L2v53IIeVztxuCK0WyKhUPa"
       }
    },
    {
       "model":"donations.donation",
       "pk":21,
       "fields":{
          "donation_number":"45ab3b16-ebad-4326-857a-ed1d9275cd59",
          "user":1,
          "production":2,
          "full_name":"Tom Naylor",
          "email":"tom.naylor@hotmail.com",
          "country":"GB",
          "city":"Cardiff",
          "record_added":"2022-05-24T10:41:17.613Z",
          "record_edited":"2022-05-24T10:41:17.613Z",
          "donation_total":"100.00",
          "stripe_pid":"pi_3L2vAaIIeVztxuCK1bJ4bN5e"
       }
    },
    {
       "model":"donations.donation",
       "pk":22,
       "fields":{
          "donation_number":"9fc1658c-5bd7-42bb-8f18-2c7f1e80626a",
          "user":1,
          "production":4,
          "full_name":"Tom Naylor",
          "email":"tom.naylor@hotmail.com",
          "country":"GB",
          "city":"Cardiff",
          "record_added":"2022-05-24T10:41:41.846Z",
          "record_edited":"2022-05-24T10:41:41.846Z",
          "donation_total":"10.00",
          "stripe_pid":"pi_3L2vB3IIeVztxuCK0FgMXrFU"
       }
    },
    {
       "model":"donations.donation",
       "pk":23,
       "fields":{
          "donation_number":"2fa581c3-5ca7-4446-85ec-2672435b93e1",
          "user":1,
          "production":1,
          "full_name":"Tom Naylor",
          "email":"tom.naylor@hotmail.com",
          "country":"GB",
          "city":"Cardiff",
          "record_added":"2022-05-24T12:54:07.476Z",
          "record_edited":"2022-05-24T12:54:07.476Z",
          "donation_total":"9.99",
          "stripe_pid":"pi_3L2xFHIIeVztxuCK0YOgwYwh"
       }
    },
    {
       "model":"donations.donation",
       "pk":24,
       "fields":{
          "donation_number":"5b35c661-ef60-4eb7-8e77-c806b79b0553",
          "user":1,
          "production":1,
          "full_name":"Tom Naylor",
          "email":"tom.naylor@hotmail.com",
          "country":"GB",
          "city":"Cardiff",
          "record_added":"2022-05-24T13:05:14.750Z",
          "record_edited":"2022-05-24T13:05:14.750Z",
          "donation_total":"9.99",
          "stripe_pid":"pi_3L2xPyIIeVztxuCK0lTq8i9Y"
       }
    },
    {
       "model":"donations.donation",
       "pk":25,
       "fields":{
          "donation_number":"5edd4b13-9ace-4468-86ea-cd8db7b0ac03",
          "user":1,
          "production":1,
          "full_name":"Tom Naylor",
          "email":"tom.naylor@hotmail.com",
          "country":"GB",
          "city":"Cardiff",
          "record_added":"2022-05-24T13:06:28.846Z",
          "record_edited":"2022-05-24T13:06:28.846Z",
          "donation_total":"9.99",
          "stripe_pid":"pi_3L2xRCIIeVztxuCK1WEGjvfr"
       }
    },
    {
       "model":"donations.donation",
       "pk":26,
       "fields":{
          "donation_number":"e3a673af-7b69-4540-9a51-a41a0bfebbca",
          "user":1,
          "production":1,
          "full_name":"Tom Naylor",
          "email":"tom.naylor@hotmail.com",
          "country":"GB",
          "city":"Cardiff",
          "record_added":"2022-05-24T13:10:49.811Z",
          "record_edited":"2022-05-24T13:10:49.811Z",
          "donation_total":"9.99",
          "stripe_pid":"pi_3L2xVQIIeVztxuCK0J2vGySb"
       }
    },
    {
       "model":"donations.donation",
       "pk":27,
       "fields":{
          "donation_number":"f2946703-3da6-47d3-a3e2-e9361d4410aa",
          "user":1,
          "production":2,
          "full_name":"Tom Naylor",
          "email":"tom.naylor@hotmail.com",
          "country":"GB",
          "city":"Cardiff",
          "record_added":"2022-05-24T18:09:34.809Z",
          "record_edited":"2022-05-24T18:09:34.809Z",
          "donation_total":"20.00",
          "stripe_pid":"pi_3L32AWIIeVztxuCK1fRz5Xta"
       }
    },
    {
       "model":"donations.donation",
       "pk":28,
       "fields":{
          "donation_number":"c91c3157-84d0-499e-9301-463d714fbb7c",
          "user":1,
          "production":2,
          "full_name":"Tom Naylor",
          "email":"tom.naylor@hotmail.com",
          "country":"GB",
          "city":"Cardiff",
          "record_added":"2022-05-24T18:12:50.112Z",
          "record_edited":"2022-05-24T18:12:50.112Z",
          "donation_total":"20.00",
          "stripe_pid":"pi_3L32DgIIeVztxuCK1vY3myKp"
       }
    },
    {
       "model":"donations.donation",
       "pk":29,
       "fields":{
          "donation_number":"eb6294ef-d900-43c8-96d7-dcecf3b79e5a",
          "user":1,
          "production":2,
          "full_name":"Tom Naylor",
          "email":"tom.naylor@hotmail.com",
          "country":"GB",
          "city":"Cardiff",
          "record_added":"2022-05-24T18:14:38.354Z",
          "record_edited":"2022-05-24T18:14:38.354Z",
          "donation_total":"20.00",
          "stripe_pid":"pi_3L32FRIIeVztxuCK1K3SDKKC"
       }
    },
    {
       "model":"donations.donation",
       "pk":30,
       "fields":{
          "donation_number":"af7a7c72-69f6-49e9-a164-bc442733a280",
          "user":1,
          "production":2,
          "full_name":"Tom Naylor",
          "email":"tom.naylor@hotmail.com",
          "country":"GB",
          "city":"Cardiff",
          "record_added":"2022-05-24T18:16:19.373Z",
          "record_edited":"2022-05-24T18:16:19.373Z",
          "donation_total":"20.00",
          "stripe_pid":"pi_3L32H7IIeVztxuCK0E7Zgesu"
       }
    },
    {
       "model":"donations.donation",
       "pk":31,
       "fields":{
          "donation_number":"e6db42ec-7051-4bd3-8ef0-49b7875c2dab",
          "user":1,
          "production":2,
          "full_name":"Tom Naylor",
          "email":"tom.naylor@hotmail.com",
          "country":"GB",
          "city":"Cardiff",
          "record_added":"2022-05-24T18:18:25.083Z",
          "record_edited":"2022-05-24T18:18:25.083Z",
          "donation_total":"20.00",
          "stripe_pid":"pi_3L32J8IIeVztxuCK1ebwkFjl"
       }
    },
    {
       "model":"donations.donation",
       "pk":32,
       "fields":{
          "donation_number":"9e8f1437-a042-462b-8be5-e1a403635584",
          "user":1,
          "production":2,
          "full_name":"Tom Naylor",
          "email":"tom.naylor@hotmail.com",
          "country":"GB",
          "city":"Cardiff",
          "record_added":"2022-05-24T18:19:50.480Z",
          "record_edited":"2022-05-24T18:19:50.480Z",
          "donation_total":"20.00",
          "stripe_pid":"pi_3L32KWIIeVztxuCK0ixveP6h"
       }
    },
    {
       "model":"donations.donation",
       "pk":33,
       "fields":{
          "donation_number":"f4d2031c-452a-4e57-9b71-43b2d6bcba35",
          "user":1,
          "production":2,
          "full_name":"Tom Naylor",
          "email":"tom.naylor@hotmail.com",
          "country":"GB",
          "city":"Cardiff",
          "record_added":"2022-05-24T18:21:53.396Z",
          "record_edited":"2022-05-24T18:21:53.396Z",
          "donation_total":"20.00",
          "stripe_pid":"pi_3L32MTIIeVztxuCK1udeYC5L"
       }
    },
    {
       "model":"donations.donation",
       "pk":34,
       "fields":{
          "donation_number":"3577abd9-7883-41b2-ba1f-550f5582a357",
          "user":1,
          "production":2,
          "full_name":"Tom Naylor",
          "email":"tom.naylor@hotmail.com",
          "country":"GB",
          "city":"Cardiff",
          "record_added":"2022-05-24T18:22:45.185Z",
          "record_edited":"2022-05-24T18:22:45.185Z",
          "donation_total":"20.00",
          "stripe_pid":"pi_3L32NKIIeVztxuCK1D6IHXLL"
       }
    },
    {
       "model":"donations.donation",
       "pk":35,
       "fields":{
          "donation_number":"f443d9d4-5768-4ced-a5a5-5362e7bfb48f",
          "user":1,
          "production":2,
          "full_name":"Tom Naylor",
          "email":"tom.naylor@hotmail.com",
          "country":"GB",
          "city":"Cardiff",
          "record_added":"2022-05-24T18:23:38.263Z",
          "record_edited":"2022-05-24T18:23:38.263Z",
          "donation_total":"20.00",
          "stripe_pid":"pi_3L32OCIIeVztxuCK1eFPuXxW"
       }
    },
    {
       "model":"donations.donation",
       "pk":36,
       "fields":{
          "donation_number":"848193b4-3878-449d-be13-71cb0deec188",
          "user":1,
          "production":2,
          "full_name":"Tom Naylor",
          "email":"tom.naylor@hotmail.com",
          "country":"GB",
          "city":"Cardiff",
          "record_added":"2022-05-24T18:28:39.232Z",
          "record_edited":"2022-05-24T18:28:39.232Z",
          "donation_total":"20.00",
          "stripe_pid":"pi_3L32T3IIeVztxuCK0shcw4HV"
       }
    },
    {
       "model":"donations.donation",
       "pk":37,
       "fields":{
          "donation_number":"b30198fd-b5af-444f-a24a-702a48ba4a88",
          "user":1,
          "production":2,
          "full_name":"Tom Naylor",
          "email":"tom.naylor@hotmail.com",
          "country":"GB",
          "city":"Cardiff",
          "record_added":"2022-05-24T18:45:05.470Z",
          "record_edited":"2022-05-24T18:45:05.470Z",
          "donation_total":"20.00",
          "stripe_pid":"pi_3L32iwIIeVztxuCK17yEN1EN"
       }
    },
    {
       "model":"donations.donation",
       "pk":38,
       "fields":{
          "donation_number":"b78c2ab6-47ec-4c2b-a924-87a1c15ce3e6",
          "user":1,
          "production":2,
          "full_name":"Tom Naylor",
          "email":"tom.naylor@hotmail.com",
          "country":"GB",
          "city":"Cardiff",
          "record_added":"2022-05-24T19:08:12.009Z",
          "record_edited":"2022-05-24T19:08:12.009Z",
          "donation_total":"20.00",
          "stripe_pid":"pi_3L335HIIeVztxuCK1QFIm0I1"
       }
    },
    {
       "model":"donations.donation",
       "pk":39,
       "fields":{
          "donation_number":"4a702432-83a7-492b-9739-87c3431f8d73",
          "user":1,
          "production":2,
          "full_name":"Tom Naylor",
          "email":"tom.naylor@hotmail.com",
          "country":"GB",
          "city":"Cardiff",
          "record_added":"2022-05-24T19:12:29.853Z",
          "record_edited":"2022-05-24T19:12:29.853Z",
          "donation_total":"10.00",
          "stripe_pid":"pi_3L3393IIeVztxuCK0ahe3kwO"
       }
    },
    {
       "model":"donations.donation",
       "pk":40,
       "fields":{
          "donation_number":"f19ab856-a95d-4a7e-9e38-6649cea49907",
          "user":1,
          "production":2,
          "full_name":"Tom Naylor",
          "email":"tom.naylor@hotmail.com",
          "country":"GB",
          "city":"Cardiff",
          "record_added":"2022-05-24T19:13:16.864Z",
          "record_edited":"2022-05-24T19:13:16.864Z",
          "donation_total":"10.00",
          "stripe_pid":"pi_3L33AEIIeVztxuCK1S7bVsgg"
       }
    },
    {
       "model":"donations.donation",
       "pk":41,
       "fields":{
          "donation_number":"818dc89e-6819-4296-b9d0-9de0204c4d7a",
          "user":1,
          "production":2,
          "full_name":"Tom Naylor",
          "email":"tom.naylor@hotmail.com",
          "country":"GB",
          "city":"Cardiff",
          "record_added":"2022-05-24T19:15:07.154Z",
          "record_edited":"2022-05-24T19:15:07.154Z",
          "donation_total":"10.00",
          "stripe_pid":"pi_3L33BxIIeVztxuCK1eE64yxP"
       }
    },
    {
       "model":"donations.donation",
       "pk":42,
       "fields":{
          "donation_number":"26331004-2000-405b-90c6-82ea2708768d",
          "user":1,
          "production":2,
          "full_name":"Tom Naylor",
          "email":"tom.naylor@hotmail.com",
          "country":"GB",
          "city":"Cardiff",
          "record_added":"2022-05-24T19:18:49.722Z",
          "record_edited":"2022-05-24T19:18:49.722Z",
          "donation_total":"10.00",
          "stripe_pid":"pi_3L33FaIIeVztxuCK0Jvn56C3"
       }
    },
    {
       "model":"donations.donation",
       "pk":43,
       "fields":{
          "donation_number":"f7bfb5d8-5444-438e-963d-a5ccffbcf542",
          "user":1,
          "production":2,
          "full_name":"Tom Naylor",
          "email":"tom.naylor@hotmail.com",
          "country":"GB",
          "city":"Cardiff",
          "record_added":"2022-05-24T19:21:19.594Z",
          "record_edited":"2022-05-24T19:21:19.594Z",
          "donation_total":"10.00",
          "stripe_pid":"pi_3L33HzIIeVztxuCK1PLCnKhP"
       }
    },
    {
       "model":"donations.donation",
       "pk":44,
       "fields":{
          "donation_number":"d40b5ac2-b35a-4e99-8da4-488294cb438a",
          "user":1,
          "production":2,
          "full_name":"Tom Naylor",
          "email":"tom.naylor@hotmail.com",
          "country":"GB",
          "city":"Cardiff",
          "record_added":"2022-05-24T19:22:49.506Z",
          "record_edited":"2022-05-24T19:22:49.506Z",
          "donation_total":"10.00",
          "stripe_pid":"pi_3L33JSIIeVztxuCK1EEHUpfD"
       }
    },
    {
       "model":"donations.donation",
       "pk":45,
       "fields":{
          "donation_number":"887a4d44-b83a-4c42-aa14-cf0d454c0ed9",
          "user":1,
          "production":2,
          "full_name":"Tom Naylor",
          "email":"tom.naylor@hotmail.com",
          "country":"GB",
          "city":"Cardiff",
          "record_added":"2022-05-24T19:27:24.435Z",
          "record_edited":"2022-05-24T19:27:24.435Z",
          "donation_total":"5.00",
          "stripe_pid":"pi_3L33NjIIeVztxuCK15x6T2mK"
       }
    },
    {
       "model":"donations.donation",
       "pk":46,
       "fields":{
          "donation_number":"03536442-e804-4fe2-9702-ceb625e2fccc",
          "user":1,
          "production":2,
          "full_name":"Tom Naylor",
          "email":"tom.naylor@hotmail.com",
          "country":"GB",
          "city":"Cardiff",
          "record_added":"2022-05-24T19:32:11.527Z",
          "record_edited":"2022-05-24T19:32:11.527Z",
          "donation_total":"5.00",
          "stripe_pid":"pi_3L33SXIIeVztxuCK130NGnsx"
       }
    },
    {
       "model":"donations.donation",
       "pk":47,
       "fields":{
          "donation_number":"3cb6a531-d692-4213-85ce-381c6004efb0",
          "user":1,
          "production":2,
          "full_name":"Tom Naylor",
          "email":"tom.naylor@hotmail.com",
          "country":"GB",
          "city":"Cardiff",
          "record_added":"2022-05-24T19:34:00.219Z",
          "record_edited":"2022-05-24T19:34:00.219Z",
          "donation_total":"5.00",
          "stripe_pid":"pi_3L33UGIIeVztxuCK0PRXtslU"
       }
    },
    {
       "model":"donations.donation",
       "pk":48,
       "fields":{
          "donation_number":"f7d59972-66df-4cd9-8a7b-ea72a03296f9",
          "user":1,
          "production":2,
          "full_name":"Tom Naylor",
          "email":"tom.naylor@hotmail.com",
          "country":"GB",
          "city":"Cardiff",
          "record_added":"2022-05-24T20:07:48.303Z",
          "record_edited":"2022-05-24T20:07:48.303Z",
          "donation_total":"1.00",
          "stripe_pid":"pi_3L33zXIIeVztxuCK13hDitN4"
       }
    },
    {
       "model":"donations.donation",
       "pk":49,
       "fields":{
          "donation_number":"9f69393c-81c7-4d9a-b790-4697fc0c61f1",
          "user":1,
          "production":2,
          "full_name":"Tom Naylor",
          "email":"tom.naylor@hotmail.com",
          "country":"GB",
          "city":"Cardiff",
          "record_added":"2022-05-24T20:08:46.285Z",
          "record_edited":"2022-05-24T20:08:46.285Z",
          "donation_total":"400.00",
          "stripe_pid":"pi_3L341tIIeVztxuCK1Qsqb2q4"
       }
    },
    {
       "model":"donations.donation",
       "pk":50,
       "fields":{
          "donation_number":"c364fb94-3eb7-4b4a-8272-0fa882c85a7d",
          "user":1,
          "production":2,
          "full_name":"Tom Naylor",
          "email":"tom.naylor@hotmail.com",
          "country":"GB",
          "city":"Cardiff",
          "record_added":"2022-05-24T20:10:41.506Z",
          "record_edited":"2022-05-24T20:10:41.506Z",
          "donation_total":"3.50",
          "stripe_pid":"pi_3L343mIIeVztxuCK1k0jk65K"
       }
    },
    {
       "model":"donations.donation",
       "pk":51,
       "fields":{
          "donation_number":"0b960799-0c45-42af-be87-1473c206420b",
          "user":1,
          "production":1,
          "full_name":"Tom Naylor",
          "email":"tom.naylor@hotmail.com",
          "country":"GB",
          "city":"Cardiff",
          "record_added":"2022-05-24T20:14:55.003Z",
          "record_edited":"2022-05-24T20:14:55.003Z",
          "donation_total":"20.00",
          "stripe_pid":"pi_3L347oIIeVztxuCK1LplLY3C"
       }
    },
    {
       "model":"donations.donation",
       "pk":52,
       "fields":{
          "donation_number":"9b74e078-2bfe-464d-a427-59bc90891e21",
          "user":null,
          "production":1,
          "full_name":"Tom Lewis Naylor",
          "email":"tom.naylor@hotmail.com",
          "country":"GB",
          "city":"Cardiff",
          "record_added":"2022-05-24T20:25:38.832Z",
          "record_edited":"2022-05-24T20:25:38.832Z",
          "donation_total":"10.00",
          "stripe_pid":"pi_3L34I9IIeVztxuCK1wUrJMoD"
       }
    },
    {
       "model":"donations.donation",
       "pk":53,
       "fields":{
          "donation_number":"2d259e0e-9a47-4e70-9585-4f595f80aaa7",
          "user":1,
          "production":1,
          "full_name":"Tom Lewis Naylor",
          "email":"tom.naylor@hotmail.com",
          "country":"GB",
          "city":"Cardiff",
          "record_added":"2022-05-24T21:22:05.491Z",
          "record_edited":"2022-05-24T21:22:05.491Z",
          "donation_total":"20.00",
          "stripe_pid":"pi_3L35AbIIeVztxuCK0pBsiQaB"
       }
    },
    {
       "model":"donations.donation",
       "pk":54,
       "fields":{
          "donation_number":"a49cd560-7975-4f56-b72a-75e99fb844d0",
          "user":1,
          "production":1,
          "full_name":"Mr T L Naylor",
          "email":"tom.naylor@wmc.org.uk",
          "country":"GB",
          "city":"Cardiff",
          "record_added":"2022-05-24T21:31:40.043Z",
          "record_edited":"2022-05-24T21:31:40.043Z",
          "donation_total":"20.00",
          "stripe_pid":"pi_3L35JXIIeVztxuCK12vRSzdC"
       }
    },
    {
       "model":"donations.donation",
       "pk":55,
       "fields":{
          "donation_number":"e2d4c7b2-5de5-42e2-bb4c-802839f031f8",
          "user":1,
          "production":null,
          "full_name":"Tom Naylor",
          "email":"tom.naylor@hotmail.com",
          "country":"GB",
          "city":"Cardiff",
          "record_added":"2022-05-24T21:37:30.573Z",
          "record_edited":"2022-05-24T21:37:30.573Z",
          "donation_total":"20.00",
          "stripe_pid":"pi_3L35PmIIeVztxuCK10yB71Ko"
       }
    },
    {
       "model":"donations.donation",
       "pk":56,
       "fields":{
          "donation_number":"226b26ce-26ac-41a7-a21e-c9341db43cf9",
          "user":1,
          "production":1,
          "full_name":"Tom Naylor",
          "email":"tom.naylor@hotmail.com",
          "country":"GB",
          "city":"Cardiff",
          "record_added":"2022-05-24T21:38:35.549Z",
          "record_edited":"2022-05-24T21:38:35.549Z",
          "donation_total":"20.00",
          "stripe_pid":"pi_3L35QqIIeVztxuCK1aNwLzIO"
       }
    },
    {
       "model":"donations.donation",
       "pk":57,
       "fields":{
          "donation_number":"3e201905-a571-415b-81f3-94e71c207f89",
          "user":1,
          "production":2,
          "full_name":"Tom Naylor",
          "email":"tom.naylor@hotmail.com",
          "country":"GB",
          "city":"Cardiff",
          "record_added":"2022-05-24T23:02:40.502Z",
          "record_edited":"2022-05-24T23:02:40.502Z",
          "donation_total":"20.00",
          "stripe_pid":"pi_3L36iXIIeVztxuCK1lJlBx89"
       }
    },
    {
       "model":"donations.donation",
       "pk":58,
       "fields":{
          "donation_number":"d434efb6-44b9-4eb3-b750-48d78bd34a3a",
          "user":1,
          "production":1,
          "full_name":"Tom Naylor",
          "email":"tom.naylor@hotmail.com",
          "country":"GB",
          "city":"Cardiff",
          "record_added":"2022-05-24T23:09:37.962Z",
          "record_edited":"2022-05-24T23:09:37.962Z",
          "donation_total":"20.00",
          "stripe_pid":"pi_3L36qUIIeVztxuCK1Zn4Zcc6"
       }
    },
    {
       "model":"donations.donation",
       "pk":59,
       "fields":{
          "donation_number":"29f5ec9c-808b-4c52-a411-f6e8bbeb2b2a",
          "user":1,
          "production":2,
          "full_name":"Tom Naylor",
          "email":"tom.naylor@hotmail.com",
          "country":"GB",
          "city":"Cardiff",
          "record_added":"2022-05-25T19:35:50.141Z",
          "record_edited":"2022-05-25T19:35:50.141Z",
          "donation_total":"20.00",
          "stripe_pid":"pi_3L3PzDIIeVztxuCK0PXeAHOz"
       }
    }
 ]